"受信日","受信時刻","法人コード","法人名漢字","法人名カナ","店舗コード","店舗名漢字","店舗名カナ","部門コード","部門名漢字","部門名カナ","仕入先コード","仕入先名漢字","仕入先名カナ","支払仕入先コード","支払仕入先名漢字","支払仕入先名カナ","出荷業務仕入先コード","伝票区分","赤黒区分","伝票番号","行番号","元伝票番号","発生日","仕入計上日","商品コード区分","ＪＡＮコード","商品コード","オプション使用欄","ＧＴＩＮ","品名漢字","品名カナ","規格名漢字","規格名カナ","数量","総額取引区分","原単価(税抜)","原単価(税込)","原価金額(税抜)","原価金額(税込)","税区分","税率","税額","売単価(税抜)","売単価(税込)","特価区分","PB区分","原価区分","受領区分","理由区分","理由コード","理由漢字","連絡事項１","連絡事項２","納品先店舗コード","納品先店舗名漢字","納品先店舗名カナ","センター経由区分","センターコード","センター名漢字"
"20160531","65530","4","Ｋナフコ","ｶ) ﾅﾌｺ","203","豊田店","ﾄﾖﾀﾃﾝ","9","エクステリア","ｴｸｽﾃﾘｱ","249706","㈱ジー・オー・ディ","K.K.ｼﾞｰ･ｵｰ･ﾃﾞｨ","249706","㈱ジー・オー・ディ","K.K.ｼﾞｰ･ｵｰ･ﾃﾞｨ","249706","1","0","1122332","1","0","20160523","20160530","0","4573244730027","20452445","249706"," ","ノーパンクタイヤ","ﾉｰﾊﾟﾝｸﾀｲﾔ","一輪車用","ｲﾁﾘﾝｼｬﾖｳ","5","0","830","896.4","4150","4482","1","0.08","332","1436","1550","0","0","0","1","0","0","　","　","　","203","豊田店","ﾄﾖﾀﾃﾝ","0","0","　"
"20160531","65530","4","Ｋナフコ","ｶ) ﾅﾌｺ","93","竹原店","ﾀｹﾊﾗﾃﾝ","9","エクステリア","ｴｸｽﾃﾘｱ","249706","㈱ジー・オー・ディ","K.K.ｼﾞｰ･ｵｰ･ﾃﾞｨ","249706","㈱ジー・オー・ディ","K.K.ｼﾞｰ･ｵｰ･ﾃﾞｨ","249706","1","0","1392624","1","0","20160523","20160530","0","4573244730034","20452452","249706"," ","軽量ノーパンクタイヤ","ｹｲﾘｮｳﾉｰﾊﾟﾝｸﾀｲﾔ","一輪車用","ｲﾁﾘﾝｼｬﾖｳ","5","0","845","912.6","4225","4563","1","0.08","338","1556","1680","0","0","0","1","0","0","　","　","　","93","竹原店","ﾀｹﾊﾗﾃﾝ","0","0","　"
"20160531","65530","4","Ｋナフコ","ｶ) ﾅﾌｺ","93","竹原店","ﾀｹﾊﾗﾃﾝ","9","エクステリア","ｴｸｽﾃﾘｱ","249706","㈱ジー・オー・ディ","K.K.ｼﾞｰ･ｵｰ･ﾃﾞｨ","249706","㈱ジー・オー・ディ","K.K.ｼﾞｰ･ｵｰ･ﾃﾞｨ","249706","1","0","1392635","1","0","20160523","20160530","0","4573244730010","20452438","249706"," ","チューブタイヤ","ﾁｭｰﾌﾞﾀｲﾌﾟ","一輪車用","ｲﾁﾘﾝｼｬﾖｳ","5","0","499","538.92","2495","2694","1","0.08","199","832","898","0","0","0","1","0","0","　","　","　","93","竹原店","ﾀｹﾊﾗﾃﾝ","0","0","　"
"20160531","65530","4","Ｋナフコ","ｶ) ﾅﾌｺ","93","竹原店","ﾀｹﾊﾗﾃﾝ","9","エクステリア","ｴｸｽﾃﾘｱ","249706","㈱ジー・オー・ディ","K.K.ｼﾞｰ･ｵｰ･ﾃﾞｨ","249706","㈱ジー・オー・ディ","K.K.ｼﾞｰ･ｵｰ･ﾃﾞｨ","249706","1","0","1392646","1","0","20160523","20160530","0","4573244730027","20452445","249706"," ","ノーパンクタイヤ","ﾉｰﾊﾟﾝｸﾀｲﾔ","一輪車用","ｲﾁﾘﾝｼｬﾖｳ","5","0","830","896.4","4150","4482","1","0.08","332","1436","1550","0","0","0","1","0","0","　","　","　","93","竹原店","ﾀｹﾊﾗﾃﾝ","0","0","　"
"20160531","65530","4","Ｋナフコ","ｶ) ﾅﾌｺ","93","竹原店","ﾀｹﾊﾗﾃﾝ","9","エクステリア","ｴｸｽﾃﾘｱ","249706","㈱ジー・オー・ディ","K.K.ｼﾞｰ･ｵｰ･ﾃﾞｨ","249706","㈱ジー・オー・ディ","K.K.ｼﾞｰ･ｵｰ･ﾃﾞｨ","249706","1","0","1401330","1","0","20160523","20160530","0","4573244730041","20452469","249706"," ","浅型一輪車","ｱｻｶﾞﾀｲﾁﾘﾝｼｬ","ノーパンク仕様","ﾉｰﾊﾟﾝｸｼﾖｳ","5","0","2660","2872.8","13300","14364","1","0.08","1064","3408","3680","0","0","0","1","0","0","　","　","　","93","竹原店","ﾀｹﾊﾗﾃﾝ","0","0","　"
"20160531","65530","4","Ｋナフコ","ｶ) ﾅﾌｺ","334","美作インター店","ﾐﾏｻｶｲﾝﾀｰﾃﾝ","9","エクステリア","ｴｸｽﾃﾘｱ","249706","㈱ジー・オー・ディ","K.K.ｼﾞｰ･ｵｰ･ﾃﾞｨ","249706","㈱ジー・オー・ディ","K.K.ｼﾞｰ･ｵｰ･ﾃﾞｨ","249706","1","0","1790670","1","0","20160523","20160530","0","4573244730027","20452445","249706"," ","ノーパンクタイヤ","ﾉｰﾊﾟﾝｸﾀｲﾔ","一輪車用","ｲﾁﾘﾝｼｬﾖｳ","5","0","830","896.4","4150","4482","1","0.08","332","1436","1550","0","0","0","1","0","0","　","　","　","334","美作インター店","ﾐﾏｻｶｲﾝﾀｰﾃﾝ","0","0","　"
"20160531","65530","4","Ｋナフコ","ｶ) ﾅﾌｺ","33","柳川店","ﾔﾅｶﾞﾜﾃﾝ","9","エクステリア","ｴｸｽﾃﾘｱ","249706","㈱ジー・オー・ディ","K.K.ｼﾞｰ･ｵｰ･ﾃﾞｨ","249706","㈱ジー・オー・ディ","K.K.ｼﾞｰ･ｵｰ･ﾃﾞｨ","249706","1","0","2158030","1","0","20160523","20160530","0","4573244730034","20452452","249706"," ","軽量ノーパンクタイヤ","ｹｲﾘｮｳﾉｰﾊﾟﾝｸﾀｲﾔ","一輪車用","ｲﾁﾘﾝｼｬﾖｳ","5","0","845","912.6","4225","4563","1","0.08","338","1556","1680","0","0","0","1","0","0","　","　","　","33","柳川店","ﾔﾅｶﾞﾜﾃﾝ","0","0","　"
"20160531","65530","4","Ｋナフコ","ｶ) ﾅﾌｺ","33","柳川店","ﾔﾅｶﾞﾜﾃﾝ","9","エクステリア","ｴｸｽﾃﾘｱ","249706","㈱ジー・オー・ディ","K.K.ｼﾞｰ･ｵｰ･ﾃﾞｨ","249706","㈱ジー・オー・ディ","K.K.ｼﾞｰ･ｵｰ･ﾃﾞｨ","249706","1","0","2158041","1","0","20160523","20160530","0","4573244730010","20452438","249706"," ","チューブタイヤ","ﾁｭｰﾌﾞﾀｲﾌﾟ","一輪車用","ｲﾁﾘﾝｼｬﾖｳ","5","0","499","538.92","2495","2694","1","0.08","199","832","898","0","0","0","1","0","0","　","　","　","33","柳川店","ﾔﾅｶﾞﾜﾃﾝ","0","0","　"
"20160531","65530","4","Ｋナフコ","ｶ) ﾅﾌｺ","33","柳川店","ﾔﾅｶﾞﾜﾃﾝ","9","エクステリア","ｴｸｽﾃﾘｱ","249706","㈱ジー・オー・ディ","K.K.ｼﾞｰ･ｵｰ･ﾃﾞｨ","249706","㈱ジー・オー・ディ","K.K.ｼﾞｰ･ｵｰ･ﾃﾞｨ","249706","1","0","2158052","1","0","20160523","20160530","0","4573244730027","20452445","249706"," ","ノーパンクタイヤ","ﾉｰﾊﾟﾝｸﾀｲﾔ","一輪車用","ｲﾁﾘﾝｼｬﾖｳ","5","0","830","896.4","4150","4482","1","0.08","332","1436","1550","0","0","0","1","0","0","　","　","　","33","柳川店","ﾔﾅｶﾞﾜﾃﾝ","0","0","　"
"20160531","65530","4","Ｋナフコ","ｶ) ﾅﾌｺ","33","柳川店","ﾔﾅｶﾞﾜﾃﾝ","9","エクステリア","ｴｸｽﾃﾘｱ","249706","㈱ジー・オー・ディ","K.K.ｼﾞｰ･ｵｰ･ﾃﾞｨ","249706","㈱ジー・オー・ディ","K.K.ｼﾞｰ･ｵｰ･ﾃﾞｨ","249706","1","0","2182773","1","0","20160523","20160530","0","2100205045641","20504564","249706"," ","角型旗立石","ｶｸｶﾞﾀﾊﾀﾀﾃｲｼ","約１５５Ｘ２５０Ｘ２","155X250X270 ﾔｸ27.6kg","15","0","610","658.8","9150","9882","1","0.08","732","834","900","0","0","0","1","0","0","　","　","　","33","柳川店","ﾔﾅｶﾞﾜﾃﾝ","0","0","　"
"20160531","65530","4","Ｋナフコ","ｶ) ﾅﾌｺ","33","柳川店","ﾔﾅｶﾞﾜﾃﾝ","9","エクステリア","ｴｸｽﾃﾘｱ","249706","㈱ジー・オー・ディ","K.K.ｼﾞｰ･ｵｰ･ﾃﾞｨ","249706","㈱ジー・オー・ディ","K.K.ｼﾞｰ･ｵｰ･ﾃﾞｨ","249706","1","0","2182810","1","0","20160523","20160530","0","2100205041445","20504144","249706"," ","１ｍＵ字溝９０本体","1mUｼﾞｺｳ90ﾎﾝﾀｲ","内径約９０×９０×１","ﾅｲｹｲﾔｸ90*90*600 ﾔｸ20","27","0","725","783","19575","21141","1","0.08","1566","1000","1080","0","0","0","1","0","0","　","　","　","33","柳川店","ﾔﾅｶﾞﾜﾃﾝ","0","0","　"
"20160531","65530","4","Ｋナフコ","ｶ) ﾅﾌｺ","33","柳川店","ﾔﾅｶﾞﾜﾃﾝ","9","エクステリア","ｴｸｽﾃﾘｱ","249706","㈱ジー・オー・ディ","K.K.ｼﾞｰ･ｵｰ･ﾃﾞｨ","249706","㈱ジー・オー・ディ","K.K.ｼﾞｰ･ｵｰ･ﾃﾞｨ","249706","1","0","2182843","1","0","20160523","20160530","0","4573244730058","20452476","249706"," ","浅型一輪車","ｱｻｶﾞﾀｲﾁﾘﾝｼｬ","エアーチューブ仕様","ｴｱｰﾁｭｰﾌﾞｼﾖｳ","5","0","2100","2268","10500","11340","1","0.08","840","2760","2980","0","0","0","1","0","0","　","　","　","33","柳川店","ﾔﾅｶﾞﾜﾃﾝ","0","0","　"
"20160531","65530","4","Ｋナフコ","ｶ) ﾅﾌｺ","33","柳川店","ﾔﾅｶﾞﾜﾃﾝ","9","エクステリア","ｴｸｽﾃﾘｱ","249706","㈱ジー・オー・ディ","K.K.ｼﾞｰ･ｵｰ･ﾃﾞｨ","249706","㈱ジー・オー・ディ","K.K.ｼﾞｰ･ｵｰ･ﾃﾞｨ","249706","1","0","2182854","1","0","20160523","20160530","0","2100203780353","20378035","249706"," ","万能砕石（小）","ﾊﾞﾝﾉｳｻｲｾｷ(ｼｮｳ)","５～１０㎜／２０ｋｇ","5-10mm/20kg","66","0","155","167.4","10230","11048","1","0.08","818","217","234","0","0","0","1","0","0","　","　","　","33","柳川店","ﾔﾅｶﾞﾜﾃﾝ","0","0","　"
"20160531","65530","4","Ｋナフコ","ｶ) ﾅﾌｺ","33","柳川店","ﾔﾅｶﾞﾜﾃﾝ","9","エクステリア","ｴｸｽﾃﾘｱ","249706","㈱ジー・オー・ディ","K.K.ｼﾞｰ･ｵｰ･ﾃﾞｨ","249706","㈱ジー・オー・ディ","K.K.ｼﾞｰ･ｵｰ･ﾃﾞｨ","249706","1","0","2182865","1","0","20160523","20160530","0","2100203881401","20388140","249706"," ","万能砕石（大）","ﾊﾞﾝﾉｳｻｲｾｷ(ﾀﾞｲ)","５～２０㎜／２０ｋｇ","5-20mm/20kg","66","0","155","167.4","10230","11048","1","0.08","818","217","234","0","0","0","1","0","0","　","　","　","33","柳川店","ﾔﾅｶﾞﾜﾃﾝ","0","0","　"
"20160531","65530","4","Ｋナフコ","ｶ) ﾅﾌｺ","139","南萩店","ﾐﾅﾐﾊｷﾞﾃﾝ","9","エクステリア","ｴｸｽﾃﾘｱ","249706","㈱ジー・オー・ディ","K.K.ｼﾞｰ･ｵｰ･ﾃﾞｨ","249706","㈱ジー・オー・ディ","K.K.ｼﾞｰ･ｵｰ･ﾃﾞｨ","249706","1","0","2223675","1","0","20160523","20160530","0","2100205046709","20504670","249706"," ","盆栽棚コンクリート　","ﾎﾞﾝｻｲﾀﾞﾅｺﾝｸﾘｰﾄ ﾁｭｳ","中　Ｌ－１２００","1200x300x35 ﾔｸ21kg","6","0","1540","1663.2","9240","9979","1","0.08","739","2176","2350","0","0","0","1","0","0","　","　","　","139","南萩店","ﾐﾅﾐﾊｷﾞﾃﾝ","0","0","　"
"20160531","65530","4","Ｋナフコ","ｶ) ﾅﾌｺ","139","南萩店","ﾐﾅﾐﾊｷﾞﾃﾝ","9","エクステリア","ｴｸｽﾃﾘｱ","249706","㈱ジー・オー・ディ","K.K.ｼﾞｰ･ｵｰ･ﾃﾞｨ","249706","㈱ジー・オー・ディ","K.K.ｼﾞｰ･ｵｰ･ﾃﾞｨ","249706","1","0","2223690","1","0","20160523","20160530","0","4573244730010","20452438","249706"," ","チューブタイヤ","ﾁｭｰﾌﾞﾀｲﾌﾟ","一輪車用","ｲﾁﾘﾝｼｬﾖｳ","10","0","499","538.92","4990","5389","1","0.08","399","832","898","0","0","0","1","0","0","　","　","　","139","南萩店","ﾐﾅﾐﾊｷﾞﾃﾝ","0","0","　"
"20160531","65530","4","Ｋナフコ","ｶ) ﾅﾌｺ","139","南萩店","ﾐﾅﾐﾊｷﾞﾃﾝ","9","エクステリア","ｴｸｽﾃﾘｱ","249706","㈱ジー・オー・ディ","K.K.ｼﾞｰ･ｵｰ･ﾃﾞｨ","249706","㈱ジー・オー・ディ","K.K.ｼﾞｰ･ｵｰ･ﾃﾞｨ","249706","1","0","2223701","1","0","20160523","20160530","0","2100203881401","20388140","249706"," ","万能砕石（大）","ﾊﾞﾝﾉｳｻｲｾｷ(ﾀﾞｲ)","５～２０㎜／２０ｋｇ","5-20mm/20kg","66","0","155","167.4","10230","11048","1","0.08","818","217","234","0","0","0","1","0","0","　","　","　","139","南萩店","ﾐﾅﾐﾊｷﾞﾃﾝ","0","0","　"
"20160531","65530","4","Ｋナフコ","ｶ) ﾅﾌｺ","139","南萩店","ﾐﾅﾐﾊｷﾞﾃﾝ","9","エクステリア","ｴｸｽﾃﾘｱ","249706","㈱ジー・オー・ディ","K.K.ｼﾞｰ･ｵｰ･ﾃﾞｨ","249706","㈱ジー・オー・ディ","K.K.ｼﾞｰ･ｵｰ･ﾃﾞｨ","249706","1","0","2223712","1","0","20160523","20160530","0","4573244730027","20452445","249706"," ","ノーパンクタイヤ","ﾉｰﾊﾟﾝｸﾀｲﾔ","一輪車用","ｲﾁﾘﾝｼｬﾖｳ","10","0","830","896.4","8300","8964","1","0.08","664","1436","1550","0","0","0","1","0","0","　","　","　","139","南萩店","ﾐﾅﾐﾊｷﾞﾃﾝ","0","0","　"
"20160531","65530","4","Ｋナフコ","ｶ) ﾅﾌｺ","139","南萩店","ﾐﾅﾐﾊｷﾞﾃﾝ","9","エクステリア","ｴｸｽﾃﾘｱ","249706","㈱ジー・オー・ディ","K.K.ｼﾞｰ･ｵｰ･ﾃﾞｨ","249706","㈱ジー・オー・ディ","K.K.ｼﾞｰ･ｵｰ･ﾃﾞｨ","249706","1","0","2223723","1","0","20160523","20160530","0","4573244730041","20452469","249706"," ","浅型一輪車","ｱｻｶﾞﾀｲﾁﾘﾝｼｬ","ノーパンク仕様","ﾉｰﾊﾟﾝｸｼﾖｳ","5","0","2660","2872.8","13300","14364","1","0.08","1064","3408","3680","0","0","0","1","0","0","　","　","　","139","南萩店","ﾐﾅﾐﾊｷﾞﾃﾝ","0","0","　"
"20160531","65530","4","Ｋナフコ","ｶ) ﾅﾌｺ","139","南萩店","ﾐﾅﾐﾊｷﾞﾃﾝ","9","エクステリア","ｴｸｽﾃﾘｱ","249706","㈱ジー・オー・ディ","K.K.ｼﾞｰ･ｵｰ･ﾃﾞｨ","249706","㈱ジー・オー・ディ","K.K.ｼﾞｰ･ｵｰ･ﾃﾞｨ","249706","1","0","2230200","1","0","20160523","20160530","0","2100203958967","20395896","249706"," ","路盤材","ﾛﾊﾞﾝｻﾞｲ","２０ｋｇ","20kg","66","0","165","178.2","10890","11761","1","0.08","871","276","298","0","0","0","1","0","0","　","　","　","139","南萩店","ﾐﾅﾐﾊｷﾞﾃﾝ","0","0","　"
"20160531","65530","4","Ｋナフコ","ｶ) ﾅﾌｺ","139","南萩店","ﾐﾅﾐﾊｷﾞﾃﾝ","9","エクステリア","ｴｸｽﾃﾘｱ","249706","㈱ジー・オー・ディ","K.K.ｼﾞｰ･ｵｰ･ﾃﾞｨ","249706","㈱ジー・オー・ディ","K.K.ｼﾞｰ･ｵｰ･ﾃﾞｨ","249706","1","0","2230970","1","0","20160523","20160530","0","2100205046877","20504687","249706"," ","盆栽棚コンクリート　","ﾎﾞﾝｻｲﾀﾞﾅｺﾝｸﾘｰﾄ ﾀﾞｲ","大　Ｌ－１５００","1500x300x35 ﾔｸ25kg","6","0","1785","1927.8","10710","11566","1","0.08","856","2639","2850","0","0","0","1","0","0","　","　","　","139","南萩店","ﾐﾅﾐﾊｷﾞﾃﾝ","0","0","　"
"20160531","65530","4","Ｋナフコ","ｶ) ﾅﾌｺ","266","知覧店","ﾁﾗﾝﾃﾝ","9","エクステリア","ｴｸｽﾃﾘｱ","249706","㈱ジー・オー・ディ","K.K.ｼﾞｰ･ｵｰ･ﾃﾞｨ","249706","㈱ジー・オー・ディ","K.K.ｼﾞｰ･ｵｰ･ﾃﾞｨ","249706","1","0","2387464","1","0","20160523","20160530","0","2100205041827","20504182","249706"," ","溜桝落蓋式２４０本体","ﾀﾒﾏｽｵﾄｼﾌﾞﾀｼｷ240ﾎﾝﾀｲ","内径約２４０×２４０","ﾅｲｹｲﾔｸ240*240*337 ﾔｸ","1","0","1100","1188","1100","1188","1","0.08","88","1297","1400","0","0","0","1","0","0","　","　","　","266","知覧店","ﾁﾗﾝﾃﾝ","0","0","　"
"20160531","65530","4","Ｋナフコ","ｶ) ﾅﾌｺ","50","唐津店","ｶﾗﾂﾃﾝ","9","エクステリア","ｴｸｽﾃﾘｱ","249706","㈱ジー・オー・ディ","K.K.ｼﾞｰ･ｵｰ･ﾃﾞｨ","249706","㈱ジー・オー・ディ","K.K.ｼﾞｰ･ｵｰ･ﾃﾞｨ","249706","1","0","2485442","1","0","20160523","20160530","0","2100203787147","20378714","249706"," ","土のう／山砂","ﾄﾞﾉｳ/ﾔﾏｽﾞﾅ","２５ｋｇ","25kg","100","0","227","245.16","22700","24516","1","0.08","1816","298","321","0","0","0","1","0","0","　","　","　","50","唐津店","ｶﾗﾂﾃﾝ","0","0","　"
"20160531","65530","4","Ｋナフコ","ｶ) ﾅﾌｺ","50","唐津店","ｶﾗﾂﾃﾝ","9","エクステリア","ｴｸｽﾃﾘｱ","249706","㈱ジー・オー・ディ","K.K.ｼﾞｰ･ｵｰ･ﾃﾞｨ","249706","㈱ジー・オー・ディ","K.K.ｼﾞｰ･ｵｰ･ﾃﾞｨ","249706","1","0","2485453","1","0","20160523","20160530","0","2100203886451","20388645","249706"," ","山砂１号","ﾔﾏｽﾞﾅ1ｺﾞｳ","０．１５～２．５㎜／","0.15-2.5mm","66","0","160","172.8","10560","11404","1","0.08","844","217","234","0","0","0","1","0","0","　","　","　","50","唐津店","ｶﾗﾂﾃﾝ","0","0","　"
"20160531","65530","4","Ｋナフコ","ｶ) ﾅﾌｺ","50","唐津店","ｶﾗﾂﾃﾝ","9","エクステリア","ｴｸｽﾃﾘｱ","249706","㈱ジー・オー・ディ","K.K.ｼﾞｰ･ｵｰ･ﾃﾞｨ","249706","㈱ジー・オー・ディ","K.K.ｼﾞｰ･ｵｰ･ﾃﾞｨ","249706","1","0","2485475","1","0","20160523","20160530","0","4573244730102","20452520","249706"," ","アルミコンテナカー","ｱﾙﾐｺﾝﾃﾅｶｰ","ノーパンク仕様","ﾉｰﾊﾟﾝｸｼﾖｳ","2","0","3700","3996","7400","7992","1","0.08","592","6000","6480","0","0","0","1","0","0","　","　","　","50","唐津店","ｶﾗﾂﾃﾝ","0","0","　"
"20160531","65530","4","Ｋナフコ","ｶ) ﾅﾌｺ","135","阿知須店","ｱｼﾞｽﾃﾝ","9","エクステリア","ｴｸｽﾃﾘｱ","249706","㈱ジー・オー・ディ","K.K.ｼﾞｰ･ｵｰ･ﾃﾞｨ","249706","㈱ジー・オー・ディ","K.K.ｼﾞｰ･ｵｰ･ﾃﾞｨ","249706","1","0","2605422","1","0","20160523","20160530","0","4573244730034","20452452","249706"," ","軽量ノーパンクタイヤ","ｹｲﾘｮｳﾉｰﾊﾟﾝｸﾀｲﾔ","一輪車用","ｲﾁﾘﾝｼｬﾖｳ","5","0","845","912.6","4225","4563","1","0.08","338","1556","1680","0","0","0","1","0","0","　","　","　","135","阿知須店","ｱｼﾞｽﾃﾝ","0","0","　"
"20160531","65530","4","Ｋナフコ","ｶ) ﾅﾌｺ","135","阿知須店","ｱｼﾞｽﾃﾝ","9","エクステリア","ｴｸｽﾃﾘｱ","249706","㈱ジー・オー・ディ","K.K.ｼﾞｰ･ｵｰ･ﾃﾞｨ","249706","㈱ジー・オー・ディ","K.K.ｼﾞｰ･ｵｰ･ﾃﾞｨ","249706","1","0","2605433","1","0","20160523","20160530","0","4573244730096","20452513","249706"," ","アルミ深型一輪車","ｱﾙﾐﾌｶｶﾞﾀｲﾁﾘﾝｼｬ","ノーパンク仕様","ﾉｰﾊﾟﾝｸｼﾖｳ","6","0","4100","4428","24600","26568","1","0.08","1968","5538","5981","0","0","0","1","0","0","　","　","　","135","阿知須店","ｱｼﾞｽﾃﾝ","0","0","　"
"20160531","65530","4","Ｋナフコ","ｶ) ﾅﾌｺ","135","阿知須店","ｱｼﾞｽﾃﾝ","9","エクステリア","ｴｸｽﾃﾘｱ","249706","㈱ジー・オー・ディ","K.K.ｼﾞｰ･ｵｰ･ﾃﾞｨ","249706","㈱ジー・オー・ディ","K.K.ｼﾞｰ･ｵｰ･ﾃﾞｨ","249706","1","0","2605444","1","0","20160523","20160530","0","4573244730065","20452483","249706"," ","深型一輪車","ﾌｶｶﾞﾀｲﾁﾘﾝｼｬ","ノーパンク仕様","ﾉｰﾊﾟﾝｸｼﾖｳ","10","0","3400","3672","34000","36720","1","0.08","2720","4612","4980","0","0","0","1","0","0","　","　","　","135","阿知須店","ｱｼﾞｽﾃﾝ","0","0","　"
"20160531","65530","4","Ｋナフコ","ｶ) ﾅﾌｺ","135","阿知須店","ｱｼﾞｽﾃﾝ","9","エクステリア","ｴｸｽﾃﾘｱ","249706","㈱ジー・オー・ディ","K.K.ｼﾞｰ･ｵｰ･ﾃﾞｨ","249706","㈱ジー・オー・ディ","K.K.ｼﾞｰ･ｵｰ･ﾃﾞｨ","249706","1","0","2607636","1","0","20160523","20160530","0","2100203958967","20395896","249706"," ","路盤材","ﾛﾊﾞﾝｻﾞｲ","２０ｋｇ","20kg","66","0","165","178.2","10890","11761","1","0.08","871","276","298","0","0","0","1","0","0","　","　","　","135","阿知須店","ｱｼﾞｽﾃﾝ","0","0","　"
"20160531","65530","4","Ｋナフコ","ｶ) ﾅﾌｺ","135","阿知須店","ｱｼﾞｽﾃﾝ","9","エクステリア","ｴｸｽﾃﾘｱ","249706","㈱ジー・オー・ディ","K.K.ｼﾞｰ･ｵｰ･ﾃﾞｨ","249706","㈱ジー・オー・ディ","K.K.ｼﾞｰ･ｵｰ･ﾃﾞｨ","249706","1","0","2607662","1","0","20160523","20160530","0","2100205041827","20504182","249706"," ","溜桝落蓋式２４０本体","ﾀﾒﾏｽｵﾄｼﾌﾞﾀｼｷ240ﾎﾝﾀｲ","内径約２４０×２４０","ﾅｲｹｲﾔｸ240*240*337 ﾔｸ","8","0","1100","1188","8800","9504","1","0.08","704","1297","1400","0","0","0","1","0","0","　","　","　","135","阿知須店","ｱｼﾞｽﾃﾝ","0","0","　"
"20160531","65530","4","Ｋナフコ","ｶ) ﾅﾌｺ","135","阿知須店","ｱｼﾞｽﾃﾝ","9","エクステリア","ｴｸｽﾃﾘｱ","249706","㈱ジー・オー・ディ","K.K.ｼﾞｰ･ｵｰ･ﾃﾞｨ","249706","㈱ジー・オー・ディ","K.K.ｼﾞｰ･ｵｰ･ﾃﾞｨ","249706","1","0","2607673","1","0","20160523","20160530","0","2100205042053","20504205","249706"," ","溜桝落蓋式１８０フタ","ﾀﾒﾏｽｵﾄｼﾌﾞﾀｼｷ180ﾌﾀ","外径約２４０×２４０","ｶﾞｲｹｲﾔｸ240*240*35 ﾔｸ","8","0","195","210.6","1560","1684","1","0.08","124","274","295","0","0","0","1","0","0","　","　","　","135","阿知須店","ｱｼﾞｽﾃﾝ","0","0","　"
"20160531","65530","4","Ｋナフコ","ｶ) ﾅﾌｺ","135","阿知須店","ｱｼﾞｽﾃﾝ","9","エクステリア","ｴｸｽﾃﾘｱ","249706","㈱ジー・オー・ディ","K.K.ｼﾞｰ･ｵｰ･ﾃﾞｨ","249706","㈱ジー・オー・ディ","K.K.ｼﾞｰ･ｵｰ･ﾃﾞｨ","249706","1","0","2636852","1","0","20160523","20160530","0","2100205043289","20504328","249706"," ","車止め６００","ｸﾙﾏﾄﾞﾒL600","約６００Ｘ１６０Ｘ１","600X160X100 ﾔｸ15.6kg","30","0","1020","1101.6","30600","33048","1","0.08","2448","1482","1600","0","0","0","1","0","0","　","　","　","135","阿知須店","ｱｼﾞｽﾃﾝ","0","0","　"
"20160531","65530","4","Ｋナフコ","ｶ) ﾅﾌｺ","299","猪名川店","ｲﾅｶﾞﾜﾃﾝ","9","エクステリア","ｴｸｽﾃﾘｱ","249706","㈱ジー・オー・ディ","K.K.ｼﾞｰ･ｵｰ･ﾃﾞｨ","249706","㈱ジー・オー・ディ","K.K.ｼﾞｰ･ｵｰ･ﾃﾞｨ","249706","1","0","2663765","1","0","20160523","20160528","0","4573244730010","20452438","249706"," ","チューブタイヤ","ﾁｭｰﾌﾞﾀｲﾌﾟ","一輪車用","ｲﾁﾘﾝｼｬﾖｳ","5","0","499","538.92","2495","2694","1","0.08","199","832","898","0","0","0","1","0","0","　","　","　","299","猪名川店","ｲﾅｶﾞﾜﾃﾝ","0","0","　"
"20160531","65530","4","Ｋナフコ","ｶ) ﾅﾌｺ","299","猪名川店","ｲﾅｶﾞﾜﾃﾝ","9","エクステリア","ｴｸｽﾃﾘｱ","249706","㈱ジー・オー・ディ","K.K.ｼﾞｰ･ｵｰ･ﾃﾞｨ","249706","㈱ジー・オー・ディ","K.K.ｼﾞｰ･ｵｰ･ﾃﾞｨ","249706","1","0","2663776","1","0","20160523","20160528","0","2100203780353","20378035","249706"," ","万能砕石（小）","ﾊﾞﾝﾉｳｻｲｾｷ(ｼｮｳ)","５～１０㎜／２０ｋｇ","5-10mm/20kg","66","0","200","216","13200","14256","1","0.08","1056","276","298","0","0","0","1","0","0","　","　","　","299","猪名川店","ｲﾅｶﾞﾜﾃﾝ","0","0","　"
"20160531","65530","4","Ｋナフコ","ｶ) ﾅﾌｺ","288","畝刈店","ｱｾﾞｶﾘﾃﾝ","9","エクステリア","ｴｸｽﾃﾘｱ","249706","㈱ジー・オー・ディ","K.K.ｼﾞｰ･ｵｰ･ﾃﾞｨ","249706","㈱ジー・オー・ディ","K.K.ｼﾞｰ･ｵｰ･ﾃﾞｨ","249706","1","0","2690450","1","0","20160516","20160530","0","4573244730010","20452438","249706"," ","チューブタイヤ","ﾁｭｰﾌﾞﾀｲﾌﾟ","一輪車用","ｲﾁﾘﾝｼｬﾖｳ","5","0","499","538.92","2495","2694","1","0.08","199","832","898","0","0","0","1","0","0","　","　","　","288","畝刈店","ｱｾﾞｶﾘﾃﾝ","0","0","　"
"20160531","65530","4","Ｋナフコ","ｶ) ﾅﾌｺ","225","美東店","ﾐﾄｳﾃﾝ","9","エクステリア","ｴｸｽﾃﾘｱ","249706","㈱ジー・オー・ディ","K.K.ｼﾞｰ･ｵｰ･ﾃﾞｨ","249706","㈱ジー・オー・ディ","K.K.ｼﾞｰ･ｵｰ･ﾃﾞｨ","249706","1","0","2693390","1","0","20160516","20160530","0","2100205041827","20504182","249706"," ","溜桝落蓋式２４０本体","ﾀﾒﾏｽｵﾄｼﾌﾞﾀｼｷ240ﾎﾝﾀｲ","内径約２４０×２４０","ﾅｲｹｲﾔｸ240*240*337 ﾔｸ","2","0","1100","1188","2200","2376","1","0.08","176","1297","1400","0","0","0","1","0","0","　","　","　","225","美東店","ﾐﾄｳﾃﾝ","0","0","　"
"20160531","65530","4","Ｋナフコ","ｶ) ﾅﾌｺ","225","美東店","ﾐﾄｳﾃﾝ","9","エクステリア","ｴｸｽﾃﾘｱ","249706","㈱ジー・オー・ディ","K.K.ｼﾞｰ･ｵｰ･ﾃﾞｨ","249706","㈱ジー・オー・ディ","K.K.ｼﾞｰ･ｵｰ･ﾃﾞｨ","249706","1","0","2705312","1","0","20160523","20160530","0","4573244730034","20452452","249706"," ","軽量ノーパンクタイヤ","ｹｲﾘｮｳﾉｰﾊﾟﾝｸﾀｲﾔ","一輪車用","ｲﾁﾘﾝｼｬﾖｳ","5","0","845","912.6","4225","4563","1","0.08","338","1556","1680","0","0","0","1","0","0","　","　","　","225","美東店","ﾐﾄｳﾃﾝ","0","0","　"
"20160531","65530","4","Ｋナフコ","ｶ) ﾅﾌｺ","225","美東店","ﾐﾄｳﾃﾝ","9","エクステリア","ｴｸｽﾃﾘｱ","249706","㈱ジー・オー・ディ","K.K.ｼﾞｰ･ｵｰ･ﾃﾞｨ","249706","㈱ジー・オー・ディ","K.K.ｼﾞｰ･ｵｰ･ﾃﾞｨ","249706","1","0","2705323","1","0","20160523","20160530","0","4573244730010","20452438","249706"," ","チューブタイヤ","ﾁｭｰﾌﾞﾀｲﾌﾟ","一輪車用","ｲﾁﾘﾝｼｬﾖｳ","5","0","499","538.92","2495","2694","1","0.08","199","832","898","0","0","0","1","0","0","　","　","　","225","美東店","ﾐﾄｳﾃﾝ","0","0","　"
"20160531","65530","4","Ｋナフコ","ｶ) ﾅﾌｺ","228","油谷店","ﾕﾔﾃﾝ","9","エクステリア","ｴｸｽﾃﾘｱ","249706","㈱ジー・オー・ディ","K.K.ｼﾞｰ･ｵｰ･ﾃﾞｨ","249706","㈱ジー・オー・ディ","K.K.ｼﾞｰ･ｵｰ･ﾃﾞｨ","249706","1","0","3195301","1","0","20160516","20160530","0","4573244730065","20452483","249706"," ","深型一輪車","ﾌｶｶﾞﾀｲﾁﾘﾝｼｬ","ノーパンク仕様","ﾉｰﾊﾟﾝｸｼﾖｳ","5","0","3450","3726","17250","18630","1","0.08","1380","4612","4980","0","0","0","1","0","0","　","　","　","228","油谷店","ﾕﾔﾃﾝ","0","0","　"
"20160531","65530","4","Ｋナフコ","ｶ) ﾅﾌｺ","228","油谷店","ﾕﾔﾃﾝ","9","エクステリア","ｴｸｽﾃﾘｱ","249706","㈱ジー・オー・ディ","K.K.ｼﾞｰ･ｵｰ･ﾃﾞｨ","249706","㈱ジー・オー・ディ","K.K.ｼﾞｰ･ｵｰ･ﾃﾞｨ","249706","1","0","3195312","1","0","20160516","20160530","0","4573244730089","20452506","249706"," ","アルミ浅型一輪車","ｱﾙﾐｱｻｶﾞﾀｲﾁﾘﾝｼｬ","ノーパンク仕様","ﾉｰﾊﾟﾝｸｼﾖｳ","3","0","3150","3402","9450","10206","1","0.08","756","4334","4680","0","0","0","1","0","0","　","　","　","228","油谷店","ﾕﾔﾃﾝ","0","0","　"
"20160531","65530","4","Ｋナフコ","ｶ) ﾅﾌｺ","228","油谷店","ﾕﾔﾃﾝ","9","エクステリア","ｴｸｽﾃﾘｱ","249706","㈱ジー・オー・ディ","K.K.ｼﾞｰ･ｵｰ･ﾃﾞｨ","249706","㈱ジー・オー・ディ","K.K.ｼﾞｰ･ｵｰ･ﾃﾞｨ","249706","1","0","3205134","1","0","20160523","20160530","0","2100205041827","20504182","249706"," ","溜桝落蓋式２４０本体","ﾀﾒﾏｽｵﾄｼﾌﾞﾀｼｷ240ﾎﾝﾀｲ","内径約２４０×２４０","ﾅｲｹｲﾔｸ240*240*337 ﾔｸ","1","0","1100","1188","1100","1188","1","0.08","88","1297","1400","0","0","0","1","0","0","　","　","　","228","油谷店","ﾕﾔﾃﾝ","0","0","　"
"20160531","65530","4","Ｋナフコ","ｶ) ﾅﾌｺ","235","垂水店","ﾀﾙﾐｽﾞﾃﾝ","9","エクステリア","ｴｸｽﾃﾘｱ","249706","㈱ジー・オー・ディ","K.K.ｼﾞｰ･ｵｰ･ﾃﾞｨ","249706","㈱ジー・オー・ディ","K.K.ｼﾞｰ･ｵｰ･ﾃﾞｨ","249706","1","0","3321931","1","0","20160515","20160530","0","2100205045641","20504564","249706"," ","角型旗立石","ｶｸｶﾞﾀﾊﾀﾀﾃｲｼ","約１５５Ｘ２５０Ｘ２","155X250X270 ﾔｸ27.6kg","15","0","610","658.8","9150","9882","1","0.08","732","834","900","0","0","0","1","0","0","　","　","　","235","垂水店","ﾀﾙﾐｽﾞﾃﾝ","0","0","　"
"20160531","65530","4","Ｋナフコ","ｶ) ﾅﾌｺ","346","鞍手店","ｸﾗﾃﾃﾝ","9","エクステリア","ｴｸｽﾃﾘｱ","249706","㈱ジー・オー・ディ","K.K.ｼﾞｰ･ｵｰ･ﾃﾞｨ","249706","㈱ジー・オー・ディ","K.K.ｼﾞｰ･ｵｰ･ﾃﾞｨ","249706","1","0","3412570","1","0","20160516","20160530","0","2100205044583","20504458","249706"," ","束石ピンコロＨ１２０","ﾂｶｲｼﾋﾟﾝｺﾛ H-120","１５０ｘ１５０","150x150x120 ﾔｸ6.2kg","60","0","125","135","7500","8100","1","0.08","600","172","185","0","0","0","1","0","0","　","　","　","346","鞍手店","ｸﾗﾃﾃﾝ","0","0","　"
"20160531","65530","4","Ｋナフコ","ｶ) ﾅﾌｺ","346","鞍手店","ｸﾗﾃﾃﾝ","9","エクステリア","ｴｸｽﾃﾘｱ","249706","㈱ジー・オー・ディ","K.K.ｼﾞｰ･ｵｰ･ﾃﾞｨ","249706","㈱ジー・オー・ディ","K.K.ｼﾞｰ･ｵｰ･ﾃﾞｨ","249706","1","0","3418284","1","0","20160516","20160530","0","2100205040387","20504038","249706"," ","Ｕ字溝１８０本体","Uｼﾞｺｳ180ﾎﾝﾀｲ","内径約１８０×１８０","ﾅｲｹｲﾔｸ180*180*600 ﾔｸ","10","0","615","664.2","6150","6642","1","0.08","492","834","900","0","0","0","1","0","0","　","　","　","346","鞍手店","ｸﾗﾃﾃﾝ","0","0","　"
"20160531","65530","4","Ｋナフコ","ｶ) ﾅﾌｺ","346","鞍手店","ｸﾗﾃﾃﾝ","9","エクステリア","ｴｸｽﾃﾘｱ","249706","㈱ジー・オー・ディ","K.K.ｼﾞｰ･ｵｰ･ﾃﾞｨ","249706","㈱ジー・オー・ディ","K.K.ｼﾞｰ･ｵｰ･ﾃﾞｨ","249706","1","0","3439391","1","0","20160523","20160530","0","4573244730034","20452452","249706"," ","軽量ノーパンクタイヤ","ｹｲﾘｮｳﾉｰﾊﾟﾝｸﾀｲﾔ","一輪車用","ｲﾁﾘﾝｼｬﾖｳ","5","0","845","912.6","4225","4563","1","0.08","338","1556","1680","0","0","0","1","0","0","　","　","　","346","鞍手店","ｸﾗﾃﾃﾝ","0","0","　"
"20160531","65530","4","Ｋナフコ","ｶ) ﾅﾌｺ","346","鞍手店","ｸﾗﾃﾃﾝ","9","エクステリア","ｴｸｽﾃﾘｱ","249706","㈱ジー・オー・ディ","K.K.ｼﾞｰ･ｵｰ･ﾃﾞｨ","249706","㈱ジー・オー・ディ","K.K.ｼﾞｰ･ｵｰ･ﾃﾞｨ","249706","1","0","3439402","1","0","20160523","20160530","0","2100203881401","20388140","249706"," ","万能砕石（大）","ﾊﾞﾝﾉｳｻｲｾｷ(ﾀﾞｲ)","５～２０㎜／２０ｋｇ","5-20mm/20kg","66","0","155","167.4","10230","11048","1","0.08","818","217","234","0","0","0","1","0","0","　","　","　","346","鞍手店","ｸﾗﾃﾃﾝ","0","0","　"
"20160531","65530","4","Ｋナフコ","ｶ) ﾅﾌｺ","346","鞍手店","ｸﾗﾃﾃﾝ","9","エクステリア","ｴｸｽﾃﾘｱ","249706","㈱ジー・オー・ディ","K.K.ｼﾞｰ･ｵｰ･ﾃﾞｨ","249706","㈱ジー・オー・ディ","K.K.ｼﾞｰ･ｵｰ･ﾃﾞｨ","249706","1","0","3439413","1","0","20160523","20160530","0","4573244730027","20452445","249706"," ","ノーパンクタイヤ","ﾉｰﾊﾟﾝｸﾀｲﾔ","一輪車用","ｲﾁﾘﾝｼｬﾖｳ","5","0","830","896.4","4150","4482","1","0.08","332","1436","1550","0","0","0","1","0","0","　","　","　","346","鞍手店","ｸﾗﾃﾃﾝ","0","0","　"
"20160531","65530","4","Ｋナフコ","ｶ) ﾅﾌｺ","346","鞍手店","ｸﾗﾃﾃﾝ","9","エクステリア","ｴｸｽﾃﾘｱ","249706","㈱ジー・オー・ディ","K.K.ｼﾞｰ･ｵｰ･ﾃﾞｨ","249706","㈱ジー・オー・ディ","K.K.ｼﾞｰ･ｵｰ･ﾃﾞｨ","249706","1","0","3449644","1","0","20160525","20160530","0","2100203780353","20378035","249706"," ","万能砕石（小）","ﾊﾞﾝﾉｳｻｲｾｷ(ｼｮｳ)","５～１０㎜／２０ｋｇ","5-10mm/20kg","66","0","155","167.4","10230","11048","1","0.08","818","217","234","0","0","0","1","0","0","　","　","　","346","鞍手店","ｸﾗﾃﾃﾝ","0","0","　"
"20160531","65530","4","Ｋナフコ","ｶ) ﾅﾌｺ","194","小林店","ｺﾊﾞﾔｼﾃﾝ","9","エクステリア","ｴｸｽﾃﾘｱ","249706","㈱ジー・オー・ディ","K.K.ｼﾞｰ･ｵｰ･ﾃﾞｨ","249706","㈱ジー・オー・ディ","K.K.ｼﾞｰ･ｵｰ･ﾃﾞｨ","249706","1","0","3463994","1","0","20160524","20160528","0","2100205041445","20504144","249706"," ","１ｍＵ字溝９０本体","1mUｼﾞｺｳ90ﾎﾝﾀｲ","内径約９０×９０×１","ﾅｲｹｲﾔｸ90*90*600 ﾔｸ20","27","0","725","783","19575","21141","1","0.08","1566","1000","1080","0","0","0","1","0","0","　","　","　","194","小林店","ｺﾊﾞﾔｼﾃﾝ","0","0","　"
"20160531","65530","4","Ｋナフコ","ｶ) ﾅﾌｺ","194","小林店","ｺﾊﾞﾔｼﾃﾝ","9","エクステリア","ｴｸｽﾃﾘｱ","249706","㈱ジー・オー・ディ","K.K.ｼﾞｰ･ｵｰ･ﾃﾞｨ","249706","㈱ジー・オー・ディ","K.K.ｼﾞｰ･ｵｰ･ﾃﾞｨ","249706","1","0","3466481","1","0","20160524","20160528","0","2100205045719","20504571","249706"," ","丸型旗立石","ﾏﾙｶﾞﾀﾊﾀﾀﾃｲｼ","約１００Ｒ×２５０Ｒ","100RX250RX190 ﾔｸ16kg","18","0","450","486","8100","8748","1","0.08","648","737","795","0","0","0","1","0","0","　","　","　","194","小林店","ｺﾊﾞﾔｼﾃﾝ","0","0","　"
"20160531","65530","4","Ｋナフコ","ｶ) ﾅﾌｺ","189","福岡東店","ﾌｸｵｶﾋｶﾞｼﾃﾝ","9","エクステリア","ｴｸｽﾃﾘｱ","249706","㈱ジー・オー・ディ","K.K.ｼﾞｰ･ｵｰ･ﾃﾞｨ","249706","㈱ジー・オー・ディ","K.K.ｼﾞｰ･ｵｰ･ﾃﾞｨ","249706","1","0","3666283","1","0","20160523","20160530","0","2100205041445","20504144","249706"," ","１ｍＵ字溝９０本体","1mUｼﾞｺｳ90ﾎﾝﾀｲ","内径約９０×９０×１","ﾅｲｹｲﾔｸ90*90*600 ﾔｸ20","27","0","725","783","19575","21141","1","0.08","1566","1000","1080","0","0","0","1","0","0","　","　","　","189","福岡東店","ﾌｸｵｶﾋｶﾞｼﾃﾝ","0","0","　"
"20160531","65530","4","Ｋナフコ","ｶ) ﾅﾌｺ","189","福岡東店","ﾌｸｵｶﾋｶﾞｼﾃﾝ","9","エクステリア","ｴｸｽﾃﾘｱ","249706","㈱ジー・オー・ディ","K.K.ｼﾞｰ･ｵｰ･ﾃﾞｨ","249706","㈱ジー・オー・ディ","K.K.ｼﾞｰ･ｵｰ･ﾃﾞｨ","249706","1","0","3666305","1","0","20160523","20160530","0","4573244730010","20452438","249706"," ","チューブタイヤ","ﾁｭｰﾌﾞﾀｲﾌﾟ","一輪車用","ｲﾁﾘﾝｼｬﾖｳ","10","0","499","538.92","4990","5389","1","0.08","399","832","898","0","0","0","1","0","0","　","　","　","189","福岡東店","ﾌｸｵｶﾋｶﾞｼﾃﾝ","0","0","　"
"20160531","65530","4","Ｋナフコ","ｶ) ﾅﾌｺ","189","福岡東店","ﾌｸｵｶﾋｶﾞｼﾃﾝ","9","エクステリア","ｴｸｽﾃﾘｱ","249706","㈱ジー・オー・ディ","K.K.ｼﾞｰ･ｵｰ･ﾃﾞｨ","249706","㈱ジー・オー・ディ","K.K.ｼﾞｰ･ｵｰ･ﾃﾞｨ","249706","1","0","3666316","1","0","20160523","20160530","0","2100203780353","20378035","249706"," ","万能砕石（小）","ﾊﾞﾝﾉｳｻｲｾｷ(ｼｮｳ)","５～１０㎜／２０ｋｇ","5-10mm/20kg","66","0","155","167.4","10230","11048","1","0.08","818","217","234","0","0","0","1","0","0","　","　","　","189","福岡東店","ﾌｸｵｶﾋｶﾞｼﾃﾝ","0","0","　"
"20160531","65530","4","Ｋナフコ","ｶ) ﾅﾌｺ","189","福岡東店","ﾌｸｵｶﾋｶﾞｼﾃﾝ","9","エクステリア","ｴｸｽﾃﾘｱ","249706","㈱ジー・オー・ディ","K.K.ｼﾞｰ･ｵｰ･ﾃﾞｨ","249706","㈱ジー・オー・ディ","K.K.ｼﾞｰ･ｵｰ･ﾃﾞｨ","249706","1","0","3666320","1","0","20160523","20160530","0","2100203881401","20388140","249706"," ","万能砕石（大）","ﾊﾞﾝﾉｳｻｲｾｷ(ﾀﾞｲ)","５～２０㎜／２０ｋｇ","5-20mm/20kg","66","0","155","167.4","10230","11048","1","0.08","818","217","234","0","0","0","1","0","0","　","　","　","189","福岡東店","ﾌｸｵｶﾋｶﾞｼﾃﾝ","0","0","　"
"20160531","65530","4","Ｋナフコ","ｶ) ﾅﾌｺ","189","福岡東店","ﾌｸｵｶﾋｶﾞｼﾃﾝ","9","エクステリア","ｴｸｽﾃﾘｱ","249706","㈱ジー・オー・ディ","K.K.ｼﾞｰ･ｵｰ･ﾃﾞｨ","249706","㈱ジー・オー・ディ","K.K.ｼﾞｰ･ｵｰ･ﾃﾞｨ","249706","1","0","3666331","1","0","20160523","20160530","0","4573244730027","20452445","249706"," ","ノーパンクタイヤ","ﾉｰﾊﾟﾝｸﾀｲﾔ","一輪車用","ｲﾁﾘﾝｼｬﾖｳ","10","0","830","896.4","8300","8964","1","0.08","664","1436","1550","0","0","0","1","0","0","　","　","　","189","福岡東店","ﾌｸｵｶﾋｶﾞｼﾃﾝ","0","0","　"
"20160531","65530","4","Ｋナフコ","ｶ) ﾅﾌｺ","283","和気店","ﾜｹﾃﾝ","9","エクステリア","ｴｸｽﾃﾘｱ","249706","㈱ジー・オー・ディ","K.K.ｼﾞｰ･ｵｰ･ﾃﾞｨ","249706","㈱ジー・オー・ディ","K.K.ｼﾞｰ･ｵｰ･ﾃﾞｨ","249706","1","0","3697400","1","0","20160524","20160530","0","2100205044347","20504434","249706"," ","束石２×４用　大","ﾂｶｲｼ2x4ﾖｳ ﾀﾞｲ","約１４０Ｘ１８０Ｘ２","140X180X250 ﾔｸ20kg","10","0","560","604.8","5600","6048","1","0.08","448","801","865","0","0","0","1","0","0","　","　","　","283","和気店","ﾜｹﾃﾝ","0","0","　"
"20160531","65530","4","Ｋナフコ","ｶ) ﾅﾌｺ","283","和気店","ﾜｹﾃﾝ","9","エクステリア","ｴｸｽﾃﾘｱ","249706","㈱ジー・オー・ディ","K.K.ｼﾞｰ･ｵｰ･ﾃﾞｨ","249706","㈱ジー・オー・ディ","K.K.ｼﾞｰ･ｵｰ･ﾃﾞｨ","249706","1","0","3697433","1","0","20160524","20160530","0","2100205044897","20504489","249706"," ","羽子板付束石Ｈ１５０","ﾊｺﾞｲﾀﾂｷﾂｶｲｼ H-150","１２０ｘ１８０","120x180x150 ﾔｸ8kg","32","0","365","394.2","11680","12614","1","0.08","934","644","695","0","0","0","1","0","0","　","　","　","283","和気店","ﾜｹﾃﾝ","0","0","　"
"20160531","65530","4","Ｋナフコ","ｶ) ﾅﾌｺ","283","和気店","ﾜｹﾃﾝ","9","エクステリア","ｴｸｽﾃﾘｱ","249706","㈱ジー・オー・ディ","K.K.ｼﾞｰ･ｵｰ･ﾃﾞｨ","249706","㈱ジー・オー・ディ","K.K.ｼﾞｰ･ｵｰ･ﾃﾞｨ","249706","1","0","3697470","1","0","20160524","20160530","0","2100205047003","20504700","249706"," ","スペーサー５０個入り","ｽﾍﾟｰｻｰ50ｺｲﾘ","約４０Ｘ５０Ｘ６０　","40X50X60 ﾔｸ13kg","10","0","700","756","7000","7560","1","0.08","560","1093","1180","0","0","0","1","0","0","　","　","　","283","和気店","ﾜｹﾃﾝ","0","0","　"
"20160531","65530","4","Ｋナフコ","ｶ) ﾅﾌｺ","283","和気店","ﾜｹﾃﾝ","9","エクステリア","ｴｸｽﾃﾘｱ","249706","㈱ジー・オー・ディ","K.K.ｼﾞｰ･ｵｰ･ﾃﾞｨ","249706","㈱ジー・オー・ディ","K.K.ｼﾞｰ･ｵｰ･ﾃﾞｨ","249706","1","0","3697481","1","0","20160524","20160530","0","2100205041445","20504144","249706"," ","１ｍＵ字溝９０本体","1mUｼﾞｺｳ90ﾎﾝﾀｲ","内径約９０×９０×１","ﾅｲｹｲﾔｸ90*90*600 ﾔｸ20","27","0","725","783","19575","21141","1","0.08","1566","1000","1080","0","0","0","1","0","0","　","　","　","283","和気店","ﾜｹﾃﾝ","0","0","　"
"20160531","65530","4","Ｋナフコ","ｶ) ﾅﾌｺ","241","串木野店","ｸｼｷﾉﾃﾝ","9","エクステリア","ｴｸｽﾃﾘｱ","249706","㈱ジー・オー・ディ","K.K.ｼﾞｰ･ｵｰ･ﾃﾞｨ","249706","㈱ジー・オー・ディ","K.K.ｼﾞｰ･ｵｰ･ﾃﾞｨ","249706","1","0","3772812","1","0","20160515","20160530","0","2100205045641","20504564","249706"," ","角型旗立石","ｶｸｶﾞﾀﾊﾀﾀﾃｲｼ","約１５５Ｘ２５０Ｘ２","155X250X270 ﾔｸ27.6kg","15","0","610","658.8","9150","9882","1","0.08","732","834","900","0","0","0","1","0","0","　","　","　","241","串木野店","ｸｼｷﾉﾃﾝ","0","0","　"
"20160531","65530","4","Ｋナフコ","ｶ) ﾅﾌｺ","241","串木野店","ｸｼｷﾉﾃﾝ","9","エクステリア","ｴｸｽﾃﾘｱ","249706","㈱ジー・オー・ディ","K.K.ｼﾞｰ･ｵｰ･ﾃﾞｨ","249706","㈱ジー・オー・ディ","K.K.ｼﾞｰ･ｵｰ･ﾃﾞｨ","249706","1","0","3772823","1","0","20160515","20160530","0","2100205044033","20504403","249706"," ","平板コンクリート","ﾍｲﾊﾞﾝｺﾝｸﾘｰﾄ 300ｶｸ","３００角","300x300x60 ﾔｸ12.4kg","48","0","185","199.8","8880","9590","1","0.08","710","366","395","0","0","0","1","0","0","　","　","　","241","串木野店","ｸｼｷﾉﾃﾝ","0","0","　"
"20160531","65530","4","Ｋナフコ","ｶ) ﾅﾌｺ","241","串木野店","ｸｼｷﾉﾃﾝ","9","エクステリア","ｴｸｽﾃﾘｱ","249706","㈱ジー・オー・ディ","K.K.ｼﾞｰ･ｵｰ･ﾃﾞｨ","249706","㈱ジー・オー・ディ","K.K.ｼﾞｰ･ｵｰ･ﾃﾞｨ","249706","1","0","3772845","1","0","20160515","20160530","0","2100205043425","20504342","249706"," ","コンクリ縁石６００","ｺﾝｸﾘｰﾄﾌﾁｲｼ600","１００ｘ１００","100x100x600 ﾔｸ14kg","45","0","275","297","12375","13365","1","0.08","990","357","385","0","0","0","1","0","0","　","　","　","241","串木野店","ｸｼｷﾉﾃﾝ","0","0","　"
"20160531","65530","4","Ｋナフコ","ｶ) ﾅﾌｺ","241","串木野店","ｸｼｷﾉﾃﾝ","9","エクステリア","ｴｸｽﾃﾘｱ","249706","㈱ジー・オー・ディ","K.K.ｼﾞｰ･ｵｰ･ﾃﾞｨ","249706","㈱ジー・オー・ディ","K.K.ｼﾞｰ･ｵｰ･ﾃﾞｨ","249706","1","0","3792456","1","0","20160520","20160530","0","2100205043357","20504335","249706"," ","車止め用アンカーピン","ｸﾙﾏﾄﾞﾒﾖｳｱﾝｶｰﾋﾟﾝ","約１７５　約０．０９","175","20","0","105","113.4","2100","2268","1","0.08","168","172","185","0","0","0","1","0","0","　","　","　","241","串木野店","ｸｼｷﾉﾃﾝ","0","0","　"
"20160531","65530","4","Ｋナフコ","ｶ) ﾅﾌｺ","241","串木野店","ｸｼｷﾉﾃﾝ","9","エクステリア","ｴｸｽﾃﾘｱ","249706","㈱ジー・オー・ディ","K.K.ｼﾞｰ･ｵｰ･ﾃﾞｨ","249706","㈱ジー・オー・ディ","K.K.ｼﾞｰ･ｵｰ･ﾃﾞｨ","249706","1","0","3793440","1","0","20160522","20160530","0","2100205043111","20504311","249706"," ","車止め５００","ｸﾙﾏﾄﾞﾒL500","約５００Ｘ１６０Ｘ１","500X160X100 ﾔｸ12.8kg","40","0","915","988.2","36600","39528","1","0.08","2928","1278","1380","0","0","0","1","0","0","　","　","　","241","串木野店","ｸｼｷﾉﾃﾝ","0","0","　"
"20160531","65530","4","Ｋナフコ","ｶ) ﾅﾌｺ","150","城南店","ｼﾞｮｳﾅﾝﾃﾝ","9","エクステリア","ｴｸｽﾃﾘｱ","249706","㈱ジー・オー・ディ","K.K.ｼﾞｰ･ｵｰ･ﾃﾞｨ","249706","㈱ジー・オー・ディ","K.K.ｼﾞｰ･ｵｰ･ﾃﾞｨ","249706","1","0","3816934","1","0","20160515","20160523","0","2100205045405","20504540","249706"," ","束石台形　Ｈ－２４０","ﾂｶｲｼﾀﾞｲｹｲ H-240","１３０ｘ２００","130x200x240 ﾔｸ13kg","48","0","400","432","19200","20736","1","0.08","1536","607","655","0","0","0","1","0","0","　","　","　","150","城南店","ｼﾞｮｳﾅﾝﾃﾝ","0","0","　"
"20160531","65530","4","Ｋナフコ","ｶ) ﾅﾌｺ","150","城南店","ｼﾞｮｳﾅﾝﾃﾝ","9","エクステリア","ｴｸｽﾃﾘｱ","249706","㈱ジー・オー・ディ","K.K.ｼﾞｰ･ｵｰ･ﾃﾞｨ","249706","㈱ジー・オー・ディ","K.K.ｼﾞｰ･ｵｰ･ﾃﾞｨ","249706","1","0","3816945","1","0","20160515","20160523","0","2100205040387","20504038","249706"," ","Ｕ字溝１８０本体","Uｼﾞｺｳ180ﾎﾝﾀｲ","内径約１８０×１８０","ﾅｲｹｲﾔｸ180*180*600 ﾔｸ","10","0","560","604.8","5600","6048","1","0.08","448","834","900","0","0","0","1","0","0","　","　","　","150","城南店","ｼﾞｮｳﾅﾝﾃﾝ","0","0","　"
"20160531","65530","4","Ｋナフコ","ｶ) ﾅﾌｺ","266","知覧店","ﾁﾗﾝﾃﾝ","9","エクステリア","ｴｸｽﾃﾘｱ","249706","㈱ジー・オー・ディ","K.K.ｼﾞｰ･ｵｰ･ﾃﾞｨ","249706","㈱ジー・オー・ディ","K.K.ｼﾞｰ･ｵｰ･ﾃﾞｨ","249706","1","0","7057993","1","0","20160523","20160530","0","2100205044651","20504465","249706"," ","束石ピンコロＨ１５０","ﾂｶｲｼﾋﾟﾝｺﾛ H-150","１５０ｘ１５０","150x150x150 ﾔｸ7.8kg","60","0","170","183.6","10200","11016","1","0.08","816","264","285","0","0","0","1","0","0","　","　","　","266","知覧店","ﾁﾗﾝﾃﾝ","0","0","　"
"20160531","65530","4","Ｋナフコ","ｶ) ﾅﾌｺ","266","知覧店","ﾁﾗﾝﾃﾝ","9","エクステリア","ｴｸｽﾃﾘｱ","249706","㈱ジー・オー・ディ","K.K.ｼﾞｰ･ｵｰ･ﾃﾞｨ","249706","㈱ジー・オー・ディ","K.K.ｼﾞｰ･ｵｰ･ﾃﾞｨ","249706","1","0","7058004","1","0","20160523","20160530","0","2100205044965","20504496","249706"," ","羽子板付束石Ｈ１８０","ﾊｺﾞｲﾀﾂｷﾂｶｲｼ H-180","１２０ｘ１８０","120x180x180 ﾔｸ10.4kg","32","0","375","405","12000","12960","1","0.08","960","737","795","0","0","0","1","0","0","　","　","　","266","知覧店","ﾁﾗﾝﾃﾝ","0","0","　"
"20160531","65530","4","Ｋナフコ","ｶ) ﾅﾌｺ","266","知覧店","ﾁﾗﾝﾃﾝ","9","エクステリア","ｴｸｽﾃﾘｱ","249706","㈱ジー・オー・ディ","K.K.ｼﾞｰ･ｵｰ･ﾃﾞｨ","249706","㈱ジー・オー・ディ","K.K.ｼﾞｰ･ｵｰ･ﾃﾞｨ","249706","1","0","7058015","1","0","20160523","20160530","0","2100205045023","20504502","249706"," ","羽子板付束石Ｈ２４０","ﾊｺﾞｲﾀﾂｷﾂｶｲｼ H-240","１２０ｘ２００","120x200x240 ﾔｸ13kg","24","0","510","550.8","12240","13219","1","0.08","979","829","895","0","0","0","1","0","0","　","　","　","266","知覧店","ﾁﾗﾝﾃﾝ","0","0","　"
"20160531","65530","4","Ｋナフコ","ｶ) ﾅﾌｺ","334","美作インター店","ﾐﾏｻｶｲﾝﾀｰﾃﾝ","9","エクステリア","ｴｸｽﾃﾘｱ","249706","㈱ジー・オー・ディ","K.K.ｼﾞｰ･ｵｰ･ﾃﾞｨ","249706","㈱ジー・オー・ディ","K.K.ｼﾞｰ･ｵｰ･ﾃﾞｨ","249706","1","0","7093461","1","0","20160525","20160530","0","4573244730089","20452506","249706"," ","アルミ浅型一輪車","ｱﾙﾐｱｻｶﾞﾀｲﾁﾘﾝｼｬ","ノーパンク仕様","ﾉｰﾊﾟﾝｸｼﾖｳ","3","0","3150","3402","9450","10206","1","0.08","756","4334","4680","0","0","0","1","0","0","　","　","　","334","美作インター店","ﾐﾏｻｶｲﾝﾀｰﾃﾝ","0","0","　"
"20160531","65530","4","Ｋナフコ","ｶ) ﾅﾌｺ","135","阿知須店","ｱｼﾞｽﾃﾝ","9","エクステリア","ｴｸｽﾃﾘｱ","249706","㈱ジー・オー・ディ","K.K.ｼﾞｰ･ｵｰ･ﾃﾞｨ","249706","㈱ジー・オー・ディ","K.K.ｼﾞｰ･ｵｰ･ﾃﾞｨ","249706","1","0","7239293","1","0","20160523","20160530","0","2100205043425","20504342","249706"," ","コンクリ縁石６００","ｺﾝｸﾘｰﾄﾌﾁｲｼ600","１００ｘ１００","100x100x600 ﾔｸ14kg","45","0","275","297","12375","13365","1","0.08","990","357","385","0","0","0","1","0","0","　","　","　","135","阿知須店","ｱｼﾞｽﾃﾝ","0","0","　"
"20160531","65530","4","Ｋナフコ","ｶ) ﾅﾌｺ","135","阿知須店","ｱｼﾞｽﾃﾝ","9","エクステリア","ｴｸｽﾃﾘｱ","249706","㈱ジー・オー・ディ","K.K.ｼﾞｰ･ｵｰ･ﾃﾞｨ","249706","㈱ジー・オー・ディ","K.K.ｼﾞｰ･ｵｰ･ﾃﾞｨ","249706","1","0","7239304","1","0","20160523","20160530","0","2100205044729","20504472","249706"," ","羽子板付束石Ｈ１２０","ﾊｺﾞｲﾀﾂｷﾂｶｲｼ H-120","１２０ｘ１８０","120x180x120 ﾔｸ6.8kg","64","0","260","280.8","16640","17971","1","0.08","1331","459","495","0","0","0","1","0","0","　","　","　","135","阿知須店","ｱｼﾞｽﾃﾝ","0","0","　"
"20160531","65530","4","Ｋナフコ","ｶ) ﾅﾌｺ","135","阿知須店","ｱｼﾞｽﾃﾝ","9","エクステリア","ｴｸｽﾃﾘｱ","249706","㈱ジー・オー・ディ","K.K.ｼﾞｰ･ｵｰ･ﾃﾞｨ","249706","㈱ジー・オー・ディ","K.K.ｼﾞｰ･ｵｰ･ﾃﾞｨ","249706","1","0","7239315","1","0","20160523","20160530","0","2100205045641","20504564","249706"," ","角型旗立石","ｶｸｶﾞﾀﾊﾀﾀﾃｲｼ","約１５５Ｘ２５０Ｘ２","155X250X270 ﾔｸ27.6kg","30","0","610","658.8","18300","19764","1","0.08","1464","834","900","0","0","0","1","0","0","　","　","　","135","阿知須店","ｱｼﾞｽﾃﾝ","0","0","　"
"20160531","65530","4","Ｋナフコ","ｶ) ﾅﾌｺ","135","阿知須店","ｱｼﾞｽﾃﾝ","9","エクステリア","ｴｸｽﾃﾘｱ","249706","㈱ジー・オー・ディ","K.K.ｼﾞｰ･ｵｰ･ﾃﾞｨ","249706","㈱ジー・オー・ディ","K.K.ｼﾞｰ･ｵｰ･ﾃﾞｨ","249706","1","0","7239326","1","0","20160523","20160530","0","2100205045887","20504588","249706"," ","単管ベース　小","ﾀﾝｶﾝﾍﾞｰｽ ｼｮｳ","約１６０Ｘ１６０Ｘ２","160X160X250 ﾔｸ13kg","30","0","600","648","18000","19440","1","0.08","1440","815","880","0","0","0","1","0","0","　","　","　","135","阿知須店","ｱｼﾞｽﾃﾝ","0","0","　"
"20160531","65530","4","Ｋナフコ","ｶ) ﾅﾌｺ","135","阿知須店","ｱｼﾞｽﾃﾝ","9","エクステリア","ｴｸｽﾃﾘｱ","249706","㈱ジー・オー・ディ","K.K.ｼﾞｰ･ｵｰ･ﾃﾞｨ","249706","㈱ジー・オー・ディ","K.K.ｼﾞｰ･ｵｰ･ﾃﾞｨ","249706","1","0","7239330","1","0","20160523","20160530","0","2100205046327","20504632","249706"," ","フェンス基礎Ｈ４５０","ﾌｪﾝｽｷｿ H-450","１８０ｘ１８０","180x180x450 ﾔｸ22kg","24","0","565","610.2","13560","14644","1","0.08","1084","811","875","0","0","0","1","0","0","　","　","　","135","阿知須店","ｱｼﾞｽﾃﾝ","0","0","　"
"20160531","65530","4","Ｋナフコ","ｶ) ﾅﾌｺ","126","大口店","ｵｵｸﾞﾁﾃﾝ","9","エクステリア","ｴｸｽﾃﾘｱ","249706","㈱ジー・オー・ディ","K.K.ｼﾞｰ･ｵｰ･ﾃﾞｨ","249706","㈱ジー・オー・ディ","K.K.ｼﾞｰ･ｵｰ･ﾃﾞｨ","249706","1","0","7290986","1","0","20160523","20160530","0","2100205041995","20504199","249706"," ","溜桝落蓋式３００本体","ﾀﾒﾏｽｵﾄｼﾌﾞﾀｼｷ300ﾎﾝﾀｲ","内径約３００×３３０","ﾅｲｹｲﾔｸ300*300*397 ﾔｸ","2","0","1350","1458","2700","2916","1","0.08","216","1667","1800","0","0","0","1","0","0","　","　","　","126","大口店","ｵｵｸﾞﾁﾃﾝ","0","0","　"
"20160531","65530","4","Ｋナフコ","ｶ) ﾅﾌｺ","228","油谷店","ﾕﾔﾃﾝ","9","エクステリア","ｴｸｽﾃﾘｱ","249706","㈱ジー・オー・ディ","K.K.ｼﾞｰ･ｵｰ･ﾃﾞｨ","249706","㈱ジー・オー・ディ","K.K.ｼﾞｰ･ｵｰ･ﾃﾞｨ","249706","2","0","13915","1","0","20160516","20160530","0","2100205045023","20504502","249706","              ","羽子板付束石Ｈ２４０","ﾊｺﾞｲﾀﾂｷﾂｶｲｼ H-240","１２０ｘ２００","120x200x240 ﾔｸ13kg","12","0","510","550.8","6120","6609","1","0.08","489","829","895","0","0","0","1","0","0","　","　","　","228","油谷店","ﾕﾔﾃﾝ","0","0","　"
"20160531","65530","4","Ｋナフコ","ｶ) ﾅﾌｺ","122","沼田店","ﾇﾏﾀﾃﾝ","9","エクステリア","ｴｸｽﾃﾘｱ","249706","㈱ジー・オー・ディ","K.K.ｼﾞｰ･ｵｰ･ﾃﾞｨ","249706","㈱ジー・オー・ディ","K.K.ｼﾞｰ･ｵｰ･ﾃﾞｨ","249706","2","0","14361","1","0","20160518","20160530","0","2100205044033","20504403","249706","              ","平板コンクリート","ﾍｲﾊﾞﾝｺﾝｸﾘｰﾄ 300ｶｸ","３００角","300x300x60 ﾔｸ12.4kg","192","0","250","270","48000","51840","1","0.08","3840","366","395","0","0","0","1","0","0","　","　","　","122","沼田店","ﾇﾏﾀﾃﾝ","0","0","　"
"20160531","65530","4","Ｋナフコ","ｶ) ﾅﾌｺ","139","南萩店","ﾐﾅﾐﾊｷﾞﾃﾝ","9","エクステリア","ｴｸｽﾃﾘｱ","249706","㈱ジー・オー・ディ","K.K.ｼﾞｰ･ｵｰ･ﾃﾞｨ","249706","㈱ジー・オー・ディ","K.K.ｼﾞｰ･ｵｰ･ﾃﾞｨ","249706","2","0","15046","1","0","20160523","20160530","0","2100205045887","20504588","249706","              ","単管ベース　小","ﾀﾝｶﾝﾍﾞｰｽ ｼｮｳ","約１６０Ｘ１６０Ｘ２","160X160X250 ﾔｸ13kg","30","0","600","648","18000","19440","1","0.08","1440","815","880","0","0","0","1","0","0","　","　","　","139","南萩店","ﾐﾅﾐﾊｷﾞﾃﾝ","0","0","　"
"20160531","65530","4","Ｋナフコ","ｶ) ﾅﾌｺ","150","城南店","ｼﾞｮｳﾅﾝﾃﾝ","9","エクステリア","ｴｸｽﾃﾘｱ","249706","㈱ジー・オー・ディ","K.K.ｼﾞｰ･ｵｰ･ﾃﾞｨ","249706","㈱ジー・オー・ディ","K.K.ｼﾞｰ･ｵｰ･ﾃﾞｨ","249706","2","0","316175","1","0","20160517","20160523","0","2100205040073","20504007","249706","              ","Ｕ字溝９０本体","Uｼﾞｺｳ90ﾎﾝﾀｲ","内径約９０×９０×６","ﾅｲｹｲﾔｸ90*90*600 ﾔｸ12","27","0","360","388.8","9720","10497","1","0.08","777","551","595","0","0","0","1","0","0","　","　","　","150","城南店","ｼﾞｮｳﾅﾝﾃﾝ","0","0","　"
"20160531","65530","4","Ｋナフコ","ｶ) ﾅﾌｺ","150","城南店","ｼﾞｮｳﾅﾝﾃﾝ","9","エクステリア","ｴｸｽﾃﾘｱ","249706","㈱ジー・オー・ディ","K.K.ｼﾞｰ･ｵｰ･ﾃﾞｨ","249706","㈱ジー・オー・ディ","K.K.ｼﾞｰ･ｵｰ･ﾃﾞｨ","249706","2","0","316186","1","0","20160517","20160523","0","2100205040219","20504021","249706","              ","Ｕ字溝１５０本体","Uｼﾞｺｳ150ﾎﾝﾀｲ","内径約１５０×１５０","ﾅｲｹｲﾔｸ150*150*600 ﾔｸ","10","0","500","540","5000","5400","1","0.08","400","737","795","0","0","0","1","0","0","　","　","　","150","城南店","ｼﾞｮｳﾅﾝﾃﾝ","0","0","　"
"20160531","65530","4","Ｋナフコ","ｶ) ﾅﾌｺ","150","城南店","ｼﾞｮｳﾅﾝﾃﾝ","9","エクステリア","ｴｸｽﾃﾘｱ","249706","㈱ジー・オー・ディ","K.K.ｼﾞｰ･ｵｰ･ﾃﾞｨ","249706","㈱ジー・オー・ディ","K.K.ｼﾞｰ･ｵｰ･ﾃﾞｨ","249706","2","0","316190","1","0","20160517","20160523","0","2100205040387","20504038","249706","              ","Ｕ字溝１８０本体","Uｼﾞｺｳ180ﾎﾝﾀｲ","内径約１８０×１８０","ﾅｲｹｲﾔｸ180*180*600 ﾔｸ","10","0","560","604.8","5600","6048","1","0.08","448","834","900","0","0","0","1","0","0","　","　","　","150","城南店","ｼﾞｮｳﾅﾝﾃﾝ","0","0","　"
"20160531","65530","4","Ｋナフコ","ｶ) ﾅﾌｺ","150","城南店","ｼﾞｮｳﾅﾝﾃﾝ","9","エクステリア","ｴｸｽﾃﾘｱ","249706","㈱ジー・オー・ディ","K.K.ｼﾞｰ･ｵｰ･ﾃﾞｨ","249706","㈱ジー・オー・ディ","K.K.ｼﾞｰ･ｵｰ･ﾃﾞｨ","249706","2","0","316201","1","0","20160517","20160523","0","2100205040691","20504069","249706","              ","Ｕ字溝６０フタ","Uｼﾞｺｳ60ﾌﾀ","外径約１００×３０×","ｶﾞｲｹｲﾔｸ100*30*600 ﾔｸ","20","0","230","248.4","4600","4968","1","0.08","368","306","330","0","0","0","1","0","0","　","　","　","150","城南店","ｼﾞｮｳﾅﾝﾃﾝ","0","0","　"
"20160531","65530","4","Ｋナフコ","ｶ) ﾅﾌｺ","150","城南店","ｼﾞｮｳﾅﾝﾃﾝ","9","エクステリア","ｴｸｽﾃﾘｱ","249706","㈱ジー・オー・ディ","K.K.ｼﾞｰ･ｵｰ･ﾃﾞｨ","249706","㈱ジー・オー・ディ","K.K.ｼﾞｰ･ｵｰ･ﾃﾞｨ","249706","2","0","316245","1","0","20160517","20160523","0","2100205041209","20504120","249706","              ","Ｕ字溝３００フタ","Uｼﾞｺｳ300ﾌﾀ","外径約４００×６０×","ｶﾞｲｹｲﾔｸ400*60*600 ﾔｸ","10","0","650","702","6500","7020","1","0.08","520","1010","1090","0","0","0","1","0","0","　","　","　","150","城南店","ｼﾞｮｳﾅﾝﾃﾝ","0","0","　"
"20160531","65530","4","Ｋナフコ","ｶ) ﾅﾌｺ","150","城南店","ｼﾞｮｳﾅﾝﾃﾝ","9","エクステリア","ｴｸｽﾃﾘｱ","249706","㈱ジー・オー・ディ","K.K.ｼﾞｰ･ｵｰ･ﾃﾞｨ","249706","㈱ジー・オー・ディ","K.K.ｼﾞｰ･ｵｰ･ﾃﾞｨ","249706","2","0","316256","1","0","20160517","20160523","0","2100205041445","20504144","249706","              ","１ｍＵ字溝９０本体","1mUｼﾞｺｳ90ﾎﾝﾀｲ","内径約９０×９０×１","ﾅｲｹｲﾔｸ90*90*600 ﾔｸ20","27","0","660","712.8","17820","19245","1","0.08","1425","1000","1080","0","0","0","1","0","0","　","　","　","150","城南店","ｼﾞｮｳﾅﾝﾃﾝ","0","0","　"
"20160531","65530","4","Ｋナフコ","ｶ) ﾅﾌｺ","150","城南店","ｼﾞｮｳﾅﾝﾃﾝ","9","エクステリア","ｴｸｽﾃﾘｱ","249706","㈱ジー・オー・ディ","K.K.ｼﾞｰ･ｵｰ･ﾃﾞｨ","249706","㈱ジー・オー・ディ","K.K.ｼﾞｰ･ｵｰ･ﾃﾞｨ","249706","2","0","316260","1","0","20160517","20160523","0","2100205041513","20504151","249706","              ","１ｍＵ字溝１２０本体","1mUｼﾞｺｳ120ﾎﾝﾀｲ","内径約１２０×１２０","ﾅｲｹｲﾔｸ120*120*600 ﾔｸ","21","0","790","853.2","16590","17917","1","0.08","1327","1186","1280","0","0","0","1","0","0","　","　","　","150","城南店","ｼﾞｮｳﾅﾝﾃﾝ","0","0","　"
"20160531","65530","4","Ｋナフコ","ｶ) ﾅﾌｺ","150","城南店","ｼﾞｮｳﾅﾝﾃﾝ","9","エクステリア","ｴｸｽﾃﾘｱ","249706","㈱ジー・オー・ディ","K.K.ｼﾞｰ･ｵｰ･ﾃﾞｨ","249706","㈱ジー・オー・ディ","K.K.ｼﾞｰ･ｵｰ･ﾃﾞｨ","249706","2","0","316282","1","0","20160517","20160523","0","2100205041759","20504175","249706","              ","溜桝落蓋式１８０本体","ﾀﾒﾏｽｵﾄｼﾌﾞﾀｼｷ180ﾎﾝﾀｲ","内径約１８０×１８０","ﾅｲｹｲﾔｸ180*180*277 ﾔｸ","8","0","700","756","5600","6048","1","0.08","448","903","975","0","0","0","1","0","0","　","　","　","150","城南店","ｼﾞｮｳﾅﾝﾃﾝ","0","0","　"
"20160531","65530","4","Ｋナフコ","ｶ) ﾅﾌｺ","150","城南店","ｼﾞｮｳﾅﾝﾃﾝ","9","エクステリア","ｴｸｽﾃﾘｱ","249706","㈱ジー・オー・ディ","K.K.ｼﾞｰ･ｵｰ･ﾃﾞｨ","249706","㈱ジー・オー・ディ","K.K.ｼﾞｰ･ｵｰ･ﾃﾞｨ","249706","2","0","316293","1","0","20160517","20160523","0","2100205041827","20504182","249706","              ","溜桝落蓋式２４０本体","ﾀﾒﾏｽｵﾄｼﾌﾞﾀｼｷ240ﾎﾝﾀｲ","内径約２４０×２４０","ﾅｲｹｲﾔｸ240*240*337 ﾔｸ","6","0","990","1069.2","5940","6415","1","0.08","475","1297","1400","0","0","0","1","0","0","　","　","　","150","城南店","ｼﾞｮｳﾅﾝﾃﾝ","0","0","　"
"20160531","65530","4","Ｋナフコ","ｶ) ﾅﾌｺ","150","城南店","ｼﾞｮｳﾅﾝﾃﾝ","9","エクステリア","ｴｸｽﾃﾘｱ","249706","㈱ジー・オー・ディ","K.K.ｼﾞｰ･ｵｰ･ﾃﾞｨ","249706","㈱ジー・オー・ディ","K.K.ｼﾞｰ･ｵｰ･ﾃﾞｨ","249706","2","0","316304","1","0","20160517","20160523","0","2100205041995","20504199","249706","              ","溜桝落蓋式３００本体","ﾀﾒﾏｽｵﾄｼﾌﾞﾀｼｷ300ﾎﾝﾀｲ","内径約３００×３３０","ﾅｲｹｲﾔｸ300*300*397 ﾔｸ","8","0","1220","1317.6","9760","10540","1","0.08","780","1667","1800","0","0","0","1","0","0","　","　","　","150","城南店","ｼﾞｮｳﾅﾝﾃﾝ","0","0","　"
"20160531","65530","4","Ｋナフコ","ｶ) ﾅﾌｺ","150","城南店","ｼﾞｮｳﾅﾝﾃﾝ","9","エクステリア","ｴｸｽﾃﾘｱ","249706","㈱ジー・オー・ディ","K.K.ｼﾞｰ･ｵｰ･ﾃﾞｨ","249706","㈱ジー・オー・ディ","K.K.ｼﾞｰ･ｵｰ･ﾃﾞｨ","249706","2","0","316315","1","0","20160517","20160523","0","2100205042053","20504205","249706","              ","溜桝落蓋式１８０フタ","ﾀﾒﾏｽｵﾄｼﾌﾞﾀｼｷ180ﾌﾀ","外径約２４０×２４０","ｶﾞｲｹｲﾔｸ240*240*35 ﾔｸ","5","0","180","194.4","900","972","1","0.08","72","274","295","0","0","0","1","0","0","　","　","　","150","城南店","ｼﾞｮｳﾅﾝﾃﾝ","0","0","　"
"20160531","65530","4","Ｋナフコ","ｶ) ﾅﾌｺ","150","城南店","ｼﾞｮｳﾅﾝﾃﾝ","9","エクステリア","ｴｸｽﾃﾘｱ","249706","㈱ジー・オー・ディ","K.K.ｼﾞｰ･ｵｰ･ﾃﾞｨ","249706","㈱ジー・オー・ディ","K.K.ｼﾞｰ･ｵｰ･ﾃﾞｨ","249706","2","0","316326","1","0","20160517","20160523","0","2100205042367","20504236","249706","              ","補助桝１８０用","ﾎｼﾞｮﾏｽ180ﾖｳ","約１８０×１００　約","180*100 ﾔｸ10kg","5","0","390","421.2","1950","2106","1","0.08","156","825","891","0","0","0","1","0","0","　","　","　","150","城南店","ｼﾞｮｳﾅﾝﾃﾝ","0","0","　"
"20160531","65530","4","Ｋナフコ","ｶ) ﾅﾌｺ","150","城南店","ｼﾞｮｳﾅﾝﾃﾝ","9","エクステリア","ｴｸｽﾃﾘｱ","249706","㈱ジー・オー・ディ","K.K.ｼﾞｰ･ｵｰ･ﾃﾞｨ","249706","㈱ジー・オー・ディ","K.K.ｼﾞｰ･ｵｰ･ﾃﾞｨ","249706","2","0","316352","1","0","20160517","20160523","0","2100205043111","20504311","249706","              ","車止め５００","ｸﾙﾏﾄﾞﾒL500","約５００Ｘ１６０Ｘ１","500X160X100 ﾔｸ12.8kg","20","0","830","896.4","16600","17928","1","0.08","1328","1278","1380","0","0","0","1","0","0","　","　","　","150","城南店","ｼﾞｮｳﾅﾝﾃﾝ","0","0","　"
"20160531","65530","4","Ｋナフコ","ｶ) ﾅﾌｺ","150","城南店","ｼﾞｮｳﾅﾝﾃﾝ","9","エクステリア","ｴｸｽﾃﾘｱ","249706","㈱ジー・オー・ディ","K.K.ｼﾞｰ･ｵｰ･ﾃﾞｨ","249706","㈱ジー・オー・ディ","K.K.ｼﾞｰ･ｵｰ･ﾃﾞｨ","249706","2","0","316363","1","0","20160517","20160523","0","2100205043425","20504342","249706","              ","コンクリ縁石６００","ｺﾝｸﾘｰﾄﾌﾁｲｼ600","１００ｘ１００","100x100x600 ﾔｸ14kg","45","0","250","270","11250","12150","1","0.08","900","357","385","0","0","0","1","0","0","　","　","　","150","城南店","ｼﾞｮｳﾅﾝﾃﾝ","0","0","　"
"20160531","65530","4","Ｋナフコ","ｶ) ﾅﾌｺ","150","城南店","ｼﾞｮｳﾅﾝﾃﾝ","9","エクステリア","ｴｸｽﾃﾘｱ","249706","㈱ジー・オー・ディ","K.K.ｼﾞｰ･ｵｰ･ﾃﾞｨ","249706","㈱ジー・オー・ディ","K.K.ｼﾞｰ･ｵｰ･ﾃﾞｨ","249706","2","0","316374","1","0","20160517","20160523","0","2100205043593","20504359","249706","              ","コンクリ縁石６００","ｺﾝｸﾘｰﾄﾌﾁｲｼ600","１００ｘ１２０","100X120X600 ﾔｸ16.8kg","36","0","370","399.6","13320","14385","1","0.08","1065","528","570","0","0","0","1","0","0","　","　","　","150","城南店","ｼﾞｮｳﾅﾝﾃﾝ","0","0","　"
"20160531","65530","4","Ｋナフコ","ｶ) ﾅﾌｺ","150","城南店","ｼﾞｮｳﾅﾝﾃﾝ","9","エクステリア","ｴｸｽﾃﾘｱ","249706","㈱ジー・オー・ディ","K.K.ｼﾞｰ･ｵｰ･ﾃﾞｨ","249706","㈱ジー・オー・ディ","K.K.ｼﾞｰ･ｵｰ･ﾃﾞｨ","249706","2","0","316385","1","0","20160517","20160523","0","2100205043661","20504366","249706","              ","コンクリ縁石６００","ｺﾝｸﾘｰﾄﾌﾁｲｼ600","１００ｘ１５０","100x150x600 ﾔｸ21kg","27","0","430","464.4","11610","12538","1","0.08","928","616","665","0","0","0","1","0","0","　","　","　","150","城南店","ｼﾞｮｳﾅﾝﾃﾝ","0","0","　"
"20160531","65530","4","Ｋナフコ","ｶ) ﾅﾌｺ","150","城南店","ｼﾞｮｳﾅﾝﾃﾝ","9","エクステリア","ｴｸｽﾃﾘｱ","249706","㈱ジー・オー・ディ","K.K.ｼﾞｰ･ｵｰ･ﾃﾞｨ","249706","㈱ジー・オー・ディ","K.K.ｼﾞｰ･ｵｰ･ﾃﾞｨ","249706","2","0","316396","1","0","20160517","20160523","0","2100205044033","20504403","249706","              ","平板コンクリート","ﾍｲﾊﾞﾝｺﾝｸﾘｰﾄ 300ｶｸ","３００角","300x300x60 ﾔｸ12.4kg","96","0","230","248.4","22080","23846","1","0.08","1766","366","395","0","0","0","1","0","0","　","　","　","150","城南店","ｼﾞｮｳﾅﾝﾃﾝ","0","0","　"
"20160531","65530","4","Ｋナフコ","ｶ) ﾅﾌｺ","150","城南店","ｼﾞｮｳﾅﾝﾃﾝ","9","エクステリア","ｴｸｽﾃﾘｱ","249706","㈱ジー・オー・ディ","K.K.ｼﾞｰ･ｵｰ･ﾃﾞｨ","249706","㈱ジー・オー・ディ","K.K.ｼﾞｰ･ｵｰ･ﾃﾞｨ","249706","2","0","316400","1","0","20160517","20160523","0","2100205044101","20504410","249706","              ","平板コンクリート","ﾍｲﾊﾞﾝｺﾝｸﾘｰﾄ ﾁｮｳﾎｳｹｲ","長方形","300x600x60 ﾔｸ25.1kg","24","0","500","540","12000","12960","1","0.08","960","690","745","0","0","0","1","0","0","　","　","　","150","城南店","ｼﾞｮｳﾅﾝﾃﾝ","0","0","　"
"20160531","65530","4","Ｋナフコ","ｶ) ﾅﾌｺ","150","城南店","ｼﾞｮｳﾅﾝﾃﾝ","9","エクステリア","ｴｸｽﾃﾘｱ","249706","㈱ジー・オー・ディ","K.K.ｼﾞｰ･ｵｰ･ﾃﾞｨ","249706","㈱ジー・オー・ディ","K.K.ｼﾞｰ･ｵｰ･ﾃﾞｨ","249706","2","0","316411","1","0","20160517","20160523","0","2100205044415","20504441","249706","              ","束石ピンコロＨ６０","ﾂｶｲｼﾋﾟﾝｺﾛ H-60","１５０ｘ１５０","150x150x60 ﾔｸ3kg","120","0","90","97.2","10800","11664","1","0.08","864","121","130","0","0","0","1","0","0","　","　","　","150","城南店","ｼﾞｮｳﾅﾝﾃﾝ","0","0","　"
"20160531","65530","4","Ｋナフコ","ｶ) ﾅﾌｺ","150","城南店","ｼﾞｮｳﾅﾝﾃﾝ","9","エクステリア","ｴｸｽﾃﾘｱ","249706","㈱ジー・オー・ディ","K.K.ｼﾞｰ･ｵｰ･ﾃﾞｨ","249706","㈱ジー・オー・ディ","K.K.ｼﾞｰ･ｵｰ･ﾃﾞｨ","249706","2","0","316422","1","0","20160517","20160523","0","2100205044583","20504458","249706","              ","束石ピンコロＨ１２０","ﾂｶｲｼﾋﾟﾝｺﾛ H-120","１５０ｘ１５０","150x150x120 ﾔｸ6.2kg","60","0","120","129.6","7200","7776","1","0.08","576","172","185","0","0","0","1","0","0","　","　","　","150","城南店","ｼﾞｮｳﾅﾝﾃﾝ","0","0","　"
"20160531","65530","4","Ｋナフコ","ｶ) ﾅﾌｺ","150","城南店","ｼﾞｮｳﾅﾝﾃﾝ","9","エクステリア","ｴｸｽﾃﾘｱ","249706","㈱ジー・オー・ディ","K.K.ｼﾞｰ･ｵｰ･ﾃﾞｨ","249706","㈱ジー・オー・ディ","K.K.ｼﾞｰ･ｵｰ･ﾃﾞｨ","249706","2","0","316433","1","0","20160517","20160523","0","2100205044965","20504496","249706","              ","羽子板付束石Ｈ１８０","ﾊｺﾞｲﾀﾂｷﾂｶｲｼ H-180","１２０ｘ１８０","120x180x180 ﾔｸ10.4kg","32","0","340","367.2","10880","11750","1","0.08","870","737","795","0","0","0","1","0","0","　","　","　","150","城南店","ｼﾞｮｳﾅﾝﾃﾝ","0","0","　"
"20160531","65530","4","Ｋナフコ","ｶ) ﾅﾌｺ","150","城南店","ｼﾞｮｳﾅﾝﾃﾝ","9","エクステリア","ｴｸｽﾃﾘｱ","249706","㈱ジー・オー・ディ","K.K.ｼﾞｰ･ｵｰ･ﾃﾞｨ","249706","㈱ジー・オー・ディ","K.K.ｼﾞｰ･ｵｰ･ﾃﾞｨ","249706","2","0","316444","1","0","20160517","20160523","0","2100205045191","20504519","249706","              ","羽子板付束石Ｈ２７０","ﾊｺﾞｲﾀﾂｷﾂｶｲｼ H-270","１２０ｘ２１０","120x210x270 ﾔｸ20kg","12","0","530","572.4","6360","6868","1","0.08","508","922","995","0","0","0","1","0","0","　","　","　","150","城南店","ｼﾞｮｳﾅﾝﾃﾝ","0","0","　"
"20160531","65530","4","Ｋナフコ","ｶ) ﾅﾌｺ","150","城南店","ｼﾞｮｳﾅﾝﾃﾝ","9","エクステリア","ｴｸｽﾃﾘｱ","249706","㈱ジー・オー・ディ","K.K.ｼﾞｰ･ｵｰ･ﾃﾞｨ","249706","㈱ジー・オー・ディ","K.K.ｼﾞｰ･ｵｰ･ﾃﾞｨ","249706","2","0","316455","1","0","20160517","20160523","0","2100205045269","20504526","249706","              ","羽子板付束石Ｈ３００","ﾊｺﾞｲﾀﾂｷﾂｶｲｼ H-300","１２０ｘ２５０","120x250x300 ﾔｸ30kg","12","0","720","777.6","8640","9331","1","0.08","691","996","1075","0","0","0","1","0","0","　","　","　","150","城南店","ｼﾞｮｳﾅﾝﾃﾝ","0","0","　"
"20160531","65530","4","Ｋナフコ","ｶ) ﾅﾌｺ","150","城南店","ｼﾞｮｳﾅﾝﾃﾝ","9","エクステリア","ｴｸｽﾃﾘｱ","249706","㈱ジー・オー・ディ","K.K.ｼﾞｰ･ｵｰ･ﾃﾞｨ","249706","㈱ジー・オー・ディ","K.K.ｼﾞｰ･ｵｰ･ﾃﾞｨ","249706","2","0","316466","1","0","20160517","20160523","0","2100205045719","20504571","249706","              ","丸型旗立石","ﾏﾙｶﾞﾀﾊﾀﾀﾃｲｼ","約１００Ｒ×２５０Ｒ","100RX250RX190 ﾔｸ16kg","18","0","410","442.8","7380","7970","1","0.08","590","737","795","0","0","0","1","0","0","　","　","　","150","城南店","ｼﾞｮｳﾅﾝﾃﾝ","0","0","　"
"20160531","65530","4","Ｋナフコ","ｶ) ﾅﾌｺ","150","城南店","ｼﾞｮｳﾅﾝﾃﾝ","9","エクステリア","ｴｸｽﾃﾘｱ","249706","㈱ジー・オー・ディ","K.K.ｼﾞｰ･ｵｰ･ﾃﾞｨ","249706","㈱ジー・オー・ディ","K.K.ｼﾞｰ･ｵｰ･ﾃﾞｨ","249706","2","0","316470","1","0","20160517","20160523","0","2100205045887","20504588","249706","              ","単管ベース　小","ﾀﾝｶﾝﾍﾞｰｽ ｼｮｳ","約１６０Ｘ１６０Ｘ２","160X160X250 ﾔｸ13kg","30","0","540","583.2","16200","17496","1","0.08","1296","815","880","0","0","0","1","0","0","　","　","　","150","城南店","ｼﾞｮｳﾅﾝﾃﾝ","0","0","　"
"20160531","65530","4","Ｋナフコ","ｶ) ﾅﾌｺ","150","城南店","ｼﾞｮｳﾅﾝﾃﾝ","9","エクステリア","ｴｸｽﾃﾘｱ","249706","㈱ジー・オー・ディ","K.K.ｼﾞｰ･ｵｰ･ﾃﾞｨ","249706","㈱ジー・オー・ディ","K.K.ｼﾞｰ･ｵｰ･ﾃﾞｨ","249706","2","0","316481","1","0","20160517","20160523","0","2100205046181","20504618","249706","              ","フェンス基礎　１９０","ﾌｪﾝｽｷｿ 190ｶｸ","約１９０Ｘ１９０Ｘ１","190X190X190 ﾔｸ12kg","27","0","220","237.6","5940","6415","1","0.08","475","426","460","0","0","0","1","0","0","　","　","　","150","城南店","ｼﾞｮｳﾅﾝﾃﾝ","0","0","　"
"20160531","65530","4","Ｋナフコ","ｶ) ﾅﾌｺ","150","城南店","ｼﾞｮｳﾅﾝﾃﾝ","9","エクステリア","ｴｸｽﾃﾘｱ","249706","㈱ジー・オー・ディ","K.K.ｼﾞｰ･ｵｰ･ﾃﾞｨ","249706","㈱ジー・オー・ディ","K.K.ｼﾞｰ･ｵｰ･ﾃﾞｨ","249706","2","0","316492","1","0","20160517","20160523","0","2100205046259","20504625","249706","              ","フェンス基礎Ｈ３００","ﾌｪﾝｽｷｿ H-300","１５０ｘ１５０","150x150x300 ﾔｸ11kg","24","0","350","378","8400","9072","1","0.08","672","644","695","0","0","0","1","0","0","　","　","　","150","城南店","ｼﾞｮｳﾅﾝﾃﾝ","0","0","　"
"20160531","65530","4","Ｋナフコ","ｶ) ﾅﾌｺ","70","北熊本店","ｷﾀｸﾏﾓﾄﾃﾝ","9","エクステリア","ｴｸｽﾃﾘｱ","249706","㈱ジー・オー・ディ","K.K.ｼﾞｰ･ｵｰ･ﾃﾞｨ","249706","㈱ジー・オー・ディ","K.K.ｼﾞｰ･ｵｰ･ﾃﾞｨ","249706","2","0","316573","1","0","20160519","20160527","0","4573244730058","20452476","249706","              ","浅型一輪車","ｱｻｶﾞﾀｲﾁﾘﾝｼｬ","エアーチューブ仕様","ｴｱｰﾁｭｰﾌﾞｼﾖｳ","20","0","1750","1890","35000","37800","1","0.08","2800","2760","2980","0","0","0","1","0","0","　","　","　","70","北熊本店","ｷﾀｸﾏﾓﾄﾃﾝ","0","0","　"
"20160531","65530","4","Ｋナフコ","ｶ) ﾅﾌｺ","40","大村店","ｵｵﾑﾗﾃﾝ","9","エクステリア","ｴｸｽﾃﾘｱ","249706","㈱ジー・オー・ディ","K.K.ｼﾞｰ･ｵｰ･ﾃﾞｨ","249706","㈱ジー・オー・ディ","K.K.ｼﾞｰ･ｵｰ･ﾃﾞｨ","249706","2","0","316794","1","0","20160520","20160530","0","2100205042053","20504205","249706","              ","溜桝落蓋式１８０フタ","ﾀﾒﾏｽｵﾄｼﾌﾞﾀｼｷ180ﾌﾀ","外径約２４０×２４０","ｶﾞｲｹｲﾔｸ240*240*35 ﾔｸ","5","0","195","210.6","975","1053","1","0.08","78","274","295","0","0","0","1","0","0","　","　","　","40","大村店","ｵｵﾑﾗﾃﾝ","0","0","　"
"20160531","65530","4","Ｋナフコ","ｶ) ﾅﾌｺ","40","大村店","ｵｵﾑﾗﾃﾝ","9","エクステリア","ｴｸｽﾃﾘｱ","249706","㈱ジー・オー・ディ","K.K.ｼﾞｰ･ｵｰ･ﾃﾞｨ","249706","㈱ジー・オー・ディ","K.K.ｼﾞｰ･ｵｰ･ﾃﾞｨ","249706","2","0","316982","1","0","20160523","20160530","0","2100205040691","20504069","249706","              ","Ｕ字溝６０フタ","Uｼﾞｺｳ60ﾌﾀ","外径約１００×３０×","ｶﾞｲｹｲﾔｸ100*30*600 ﾔｸ","20","0","245","264.6","4900","5292","1","0.08","392","306","330","0","0","0","1","0","0","　","　","　","40","大村店","ｵｵﾑﾗﾃﾝ","0","0","　"
"20160531","65530","4","Ｋナフコ","ｶ) ﾅﾌｺ","40","大村店","ｵｵﾑﾗﾃﾝ","9","エクステリア","ｴｸｽﾃﾘｱ","249706","㈱ジー・オー・ディ","K.K.ｼﾞｰ･ｵｰ･ﾃﾞｨ","249706","㈱ジー・オー・ディ","K.K.ｼﾞｰ･ｵｰ･ﾃﾞｨ","249706","2","0","317004","1","0","20160523","20160530","0","2100205041063","20504106","249706","              ","Ｕ字溝１８０フタ","Uｼﾞｺｳ180ﾌﾀ","外径約２５０×４０×","ｶﾞｲｹｲﾔｸ330*40*600 ﾔｸ","10","0","435","469.8","4350","4698","1","0.08","348","602","650","0","0","0","1","0","0","　","　","　","40","大村店","ｵｵﾑﾗﾃﾝ","0","0","　"
"20160531","65530","4","Ｋナフコ","ｶ) ﾅﾌｺ","346","鞍手店","ｸﾗﾃﾃﾝ","9","エクステリア","ｴｸｽﾃﾘｱ","249706","㈱ジー・オー・ディ","K.K.ｼﾞｰ･ｵｰ･ﾃﾞｨ","249706","㈱ジー・オー・ディ","K.K.ｼﾞｰ･ｵｰ･ﾃﾞｨ","249706","2","0","318150","1","0","20160524","20160530","0","2100205039947","20503994","249706","              ","Ｕ字溝６０本体","Uｼﾞｺｳ60ﾎﾝﾀｲ","内径約６０×６０×６","ﾅｲｹｲﾔｸ60*60*600 ﾔｸ7.","36","0","310","334.8","11160","12052","1","0.08","892","454","490","0","0","0","1","0","0","　","　","　","346","鞍手店","ｸﾗﾃﾃﾝ","0","0","　"
"20160531","65530","4","Ｋナフコ","ｶ) ﾅﾌｺ","346","鞍手店","ｸﾗﾃﾃﾝ","9","エクステリア","ｴｸｽﾃﾘｱ","249706","㈱ジー・オー・ディ","K.K.ｼﾞｰ･ｵｰ･ﾃﾞｨ","249706","㈱ジー・オー・ディ","K.K.ｼﾞｰ･ｵｰ･ﾃﾞｨ","249706","2","0","318161","1","0","20160524","20160530","0","2100205040219","20504021","249706","              ","Ｕ字溝１５０本体","Uｼﾞｺｳ150ﾎﾝﾀｲ","内径約１５０×１５０","ﾅｲｹｲﾔｸ150*150*600 ﾔｸ","10","0","555","599.4","5550","5994","1","0.08","444","737","795","0","0","0","1","0","0","　","　","　","346","鞍手店","ｸﾗﾃﾃﾝ","0","0","　"
"20160531","65530","4","Ｋナフコ","ｶ) ﾅﾌｺ","346","鞍手店","ｸﾗﾃﾃﾝ","9","エクステリア","ｴｸｽﾃﾘｱ","249706","㈱ジー・オー・ディ","K.K.ｼﾞｰ･ｵｰ･ﾃﾞｨ","249706","㈱ジー・オー・ディ","K.K.ｼﾞｰ･ｵｰ･ﾃﾞｨ","249706","2","0","318172","1","0","20160524","20160530","0","2100205041377","20504137","249706","              ","１ｍＵ字溝６０本体","1mUｼﾞｺｳ60ﾎﾝﾀｲ","内径約６０×６０×１","ﾅｲｹｲﾔｸ60*60*600 ﾔｸ12","33","0","630","680.4","20790","22453","1","0.08","1663","908","980","0","0","0","1","0","0","　","　","　","346","鞍手店","ｸﾗﾃﾃﾝ","0","0","　"
"20160531","65530","4","Ｋナフコ","ｶ) ﾅﾌｺ","346","鞍手店","ｸﾗﾃﾃﾝ","9","エクステリア","ｴｸｽﾃﾘｱ","249706","㈱ジー・オー・ディ","K.K.ｼﾞｰ･ｵｰ･ﾃﾞｨ","249706","㈱ジー・オー・ディ","K.K.ｼﾞｰ･ｵｰ･ﾃﾞｨ","249706","2","0","318194","1","0","20160524","20160530","0","2100205044965","20504496","249706","              ","羽子板付束石Ｈ１８０","ﾊｺﾞｲﾀﾂｷﾂｶｲｼ H-180","１２０ｘ１８０","120x180x180 ﾔｸ10.4kg","32","0","375","405","12000","12960","1","0.08","960","737","795","0","0","0","1","0","0","　","　","　","346","鞍手店","ｸﾗﾃﾃﾝ","0","0","　"
"20160531","65530","4","Ｋナフコ","ｶ) ﾅﾌｺ","346","鞍手店","ｸﾗﾃﾃﾝ","9","エクステリア","ｴｸｽﾃﾘｱ","249706","㈱ジー・オー・ディ","K.K.ｼﾞｰ･ｵｰ･ﾃﾞｨ","249706","㈱ジー・オー・ディ","K.K.ｼﾞｰ･ｵｰ･ﾃﾞｨ","249706","2","0","318205","1","0","20160524","20160530","0","2100205045023","20504502","249706","              ","羽子板付束石Ｈ２４０","ﾊｺﾞｲﾀﾂｷﾂｶｲｼ H-240","１２０ｘ２００","120x200x240 ﾔｸ13kg","12","0","510","550.8","6120","6609","1","0.08","489","829","895","0","0","0","1","0","0","　","　","　","346","鞍手店","ｸﾗﾃﾃﾝ","0","0","　"
"20160531","65530","4","Ｋナフコ","ｶ) ﾅﾌｺ","40","大村店","ｵｵﾑﾗﾃﾝ","9","エクステリア","ｴｸｽﾃﾘｱ","249706","㈱ジー・オー・ディ","K.K.ｼﾞｰ･ｵｰ･ﾃﾞｨ","249706","㈱ジー・オー・ディ","K.K.ｼﾞｰ･ｵｰ･ﾃﾞｨ","249706","2","0","318673","1","0","20160525","20160530","0","4573244730096","20452513","249706","              ","アルミ深型一輪車","ｱﾙﾐﾌｶｶﾞﾀｲﾁﾘﾝｼｬ","ノーパンク仕様","ﾉｰﾊﾟﾝｸｼﾖｳ","3","0","3280","3542.4","9840","10627","1","0.08","787","5538","5981","0","0","0","1","0","0","　","　","　","40","大村店","ｵｵﾑﾗﾃﾝ","0","0","　"
"20160531","65530","4","Ｋナフコ","ｶ) ﾅﾌｺ","346","鞍手店","ｸﾗﾃﾃﾝ","9","エクステリア","ｴｸｽﾃﾘｱ","249706","㈱ジー・オー・ディ","K.K.ｼﾞｰ･ｵｰ･ﾃﾞｨ","249706","㈱ジー・オー・ディ","K.K.ｼﾞｰ･ｵｰ･ﾃﾞｨ","249706","2","0","318684","1","0","20160525","20160530","0","2100205044033","20504403","249706","              ","平板コンクリート","ﾍｲﾊﾞﾝｺﾝｸﾘｰﾄ 300ｶｸ","３００角","300x300x60 ﾔｸ12.4kg","48","0","250","270","12000","12960","1","0.08","960","366","395","0","0","0","1","0","0","　","　","　","346","鞍手店","ｸﾗﾃﾃﾝ","0","0","　"
"20160531","65530","4","Ｋナフコ","ｶ) ﾅﾌｺ","145","東八代店","ﾋｶﾞｼﾔﾂｼﾛﾃﾝ","9","エクステリア","ｴｸｽﾃﾘｱ","249706","㈱ジー・オー・ディ","K.K.ｼﾞｰ･ｵｰ･ﾃﾞｨ","249706","㈱ジー・オー・ディ","K.K.ｼﾞｰ･ｵｰ･ﾃﾞｨ","249706","11","0","4189452","1","0","20160530","20160530","0","4573244730010","20452438"," "," ","チューブタイヤ","ﾁｭｰﾌﾞﾀｲﾌﾟ","一輪車用","ｲﾁﾘﾝｼｬﾖｳ","1","0","400","432","400","432","1","0.08","32","832","898","0","0","0","0","2","1","不良品","パンクしていた為。商品は店処分","５月３０日ヤマト様ご了承分。","145","東八代店","ﾋｶﾞｼﾔﾂｼﾛﾃﾝ","0","0","　"

